Query_Doc@Source_Doc,Count of score
Sport_and_Leisure.docx@AllSports.docx,124
PRIZM.docx@Nxt.docx,81
Levolution.docx@INS.docx,17
RealTract.docx@Constellation.docx,15
MakerDAO.docx@Dai.docx,15
Qtum.docx@truebit.docx,12
QunQun.docx@QuarkChain.docx,11
Sport_and_Leisure.docx@QunQun.docx,9
AcuteAngleCould.docx@Bodhi.docx,9
AllSports.docx@Bodhi.docx,9
Crypterium.docx@NAGA.docx,9
Traxia.docx@Ardor.docx,8
Silverway.docx@INS.docx,8
QunQun.docx@AllSports.docx,8
QunQun.docx@Bodhi.docx,8
AcuteAngleCould.docx@AllSports.docx,8
Sport_and_Leisure.docx@Bodhi.docx,7
GreenPower.docx@BitShares.docx,7
Sport_and_Leisure.docx@AcuteAngleCould.docx,6
StakeNet.docx@PowerLedger.docx,6
PowerLedger.docx@NoLimitCoin.docx,6
PIVX.docx@ZEON.docx,6
Crypterium.docx@INS.docx,6
Centrality.docx@Kin.docx,6
Traxia.docx@Datum.docx,5
Unibright.docx@Entercoin.docx,5
Verge.docx@LindaCoin.docx,5
Tap.docx@Nebulas.docx,5
SwissBorg.docx@ArdCoin.docx,5
Polybius.docx@Karma.docx,5
RealTract.docx@Credits.docx,5
QunQun.docx@AcuteAngleCould.docx,5
Lunyr.docx@Levolution.docx,5
ALQO.docx@Bitcoin.docx,5
Iota.docx@Burst.docx,5
Bottos.docx@HTMLCOIN.docx,5
Waltonchain.docx@InternetNodeToken.docx,4
Unibright.docx@Ardor.docx,4
StakeNet.docx@NoLimitCoin.docx,4
Tokenomy.docx@LUXCoin.docx,4
Unibright.docx@Datum.docx,4
Sport_and_Leisure.docx@QuarkChain.docx,4
Unibright.docx@Traxia.docx,4
StakeNet.docx@LUXCoin.docx,4
UNetwork.docx@Bodhi.docx,4
Tap.docx@Levolution.docx,4
Zebi.docx@WePower.docx,4
LUXCoin.docx@INS.docx,4
QuarkChain.docx@AllSports.docx,4
Silverway.docx@Crypterium.docx,4
QuarkChain.docx@Bodhi.docx,4
QuarkChain.docx@Zebi.docx,4
PowerLedger.docx@RealTract.docx,4
Everex.docx@CyberVein.docx,4
Envion.docx@Crypterium.docx,4
Entercoin.docx@SuperZero.docx,4
Ardor.docx@Datum.docx,4
Acala_Whitepaper.docx@Dai.docx,4
BitbookGambling.docx@Crypterium.docx,4
Bulwark.docx@ColossusXT.docx,4
Covesting.docx@Levolution.docx,4
Verge.docx@ColossusXT.docx,3
UNUS_SED_LEO.docx@BitbookGambling.docx,3
Stellar.docx@BOSAGORA.docx,3
Tap.docx@AtlasProtocol.docx,3
UNUS_SED_LEO.docx@INS.docx,3
StakeNet.docx@LIFE.docx,3
Vidy.docx@OST.docx,3
StakeNet.docx@Carry.docx,3
Zebi.docx@Carry.docx,3
Qtum.docx@Everex.docx,3
Silverway.docx@BitbookGambling.docx,3
RedFOX.docx@AllSports.docx,3
MedicCoin.docx@Cryptonex.docx,3
Propy.docx@Cryptonex.docx,3
Nebulas.docx@AtlasProtocol.docx,3
QuarkChain.docx@AcuteAngleCould.docx,3
PayPie.docx@Credits.docx,3
Refereum.docx@Centrality.docx,3
PayPie.docx@RealTract.docx,3
Primas.docx@Nework.docx,3
Silverway.docx@UNUS_SED_LEO.docx,3
Carry.docx@Cook-Whitepaper-3.docx,3
AllSports.docx@Egretia.docx,3
InternetNodeToken.docx@Lunyr.docx,3
elrond-whitepaper.docx@Zilliqa.docx,3
InternetNodeToken.docx@Centrality.docx,3
Entercoin.docx@DMarket.docx,3
Eximchain.docx@Zebi.docx,3
Entercoin.docx@INS.docx,3
Carry.docx@MediBloc.docx,3
Entercoin.docx@RealTract.docx,3
InternetNodeToken.docx@Primas.docx,3
Telcoin.docx@Centrality.docx,2
UNUS_SED_LEO.docx@Crypterium.docx,2
Tap.docx@Carry.docx,2
Telcoin.docx@Tokenomy.docx,2
Verge.docx@DeepOnion.docx,2
THEKEY.docx@RealTract.docx,2
Yee.docx@Kin.docx,2
Zebi.docx@Cook-Whitepaper-3.docx,2
UNUS_SED_LEO.docx@Centrality.docx,2
ZVCHAIN.docx@Cortex.docx,2
Verge.docx@Bitcoin.docx,2
TimeNewBank.docx@InternetNodeToken.docx,2
Vidy.docx@Cook-Whitepaper-3.docx,2
Tokenomy.docx@Centrality.docx,2
SwftCoin.docx@Primas.docx,2
StakeNet.docx@INS.docx,2
Unibright.docx@QASH.docx,2
Tokenomy.docx@NAGA.docx,2
StakeNet.docx@CertifiedDiamondNetwork.docx,2
TomoChain.docx@Centrality.docx,2
UNUS_SED_LEO.docx@CertifiedDiamondNetwork.docx,2
TomoChain.docx@Kin.docx,2
StakeNet.docx@DeepOnion.docx,2
StakeNet.docx@Centrality.docx,2
Tap.docx@OST.docx,2
StakeNet.docx@LiquidApps.docx,2
SwftCoin.docx@Entercoin.docx,2
Zcash.docx@Burst.docx,2
Vidy.docx@LUXCoin.docx,2
SwftCoin.docx@RealTract.docx,2
Vidy.docx@Tap.docx,2
StakeNet.docx@MediBloc.docx,2
WePower.docx@Levolution.docx,2
Sport_and_Leisure.docx@RedFOX.docx,2
Telcoin.docx@FunctionX.docx,2
Swipe.docx@LIFE.docx,2
Tron.docx@Qtum.docx,2
Sport_and_Leisure.docx@Egretia.docx,2
Tierion.docx@DeepOnion.docx,2
Tierion.docx@XinFin.docx,2
QuarkChain.docx@NAGA.docx,2
LiquidApps.docx@MediBloc.docx,2
RedFOX.docx@Levolution.docx,2
LiquidApps.docx@WePower.docx,2
QuarkChain.docx@Carry.docx,2
Nebulas.docx@Levolution.docx,2
QunQun.docx@Egretia.docx,2
Nebulas.docx@LUXCoin.docx,2
Silverway.docx@Covesting.docx,2
Nebulas.docx@Nxt.docx,2
LUXCoin.docx@Hshare.docx,2
Lunyr.docx@ChainGames.docx,2
QuarkChain.docx@Crypterium.docx,2
PayPie.docx@Populous.docx,2
LiquidApps.docx@Carry.docx,2
Lunyr.docx@RocketPool.docx,2
RealTract.docx@INS.docx,2
LIFE.docx@INS.docx,2
MediBloc.docx@LUXCoin.docx,2
PoseidonNetwork.docx@Alphacat.docx,2
Silverway.docx@Envion.docx,2
PowerLedger.docx@Entercoin.docx,2
QASH.docx@Zebi.docx,2
PowerLedger.docx@INS.docx,2
LIFE.docx@Gifto.docx,2
LINA.docx@Kin.docx,2
QuarkChain.docx@CertifiedDiamondNetwork.docx,2
LiquidApps.docx@LUXCoin.docx,2
QuarkChain.docx@Egretia.docx,2
Lunyr.docx@Traxia.docx,2
QuarkChain.docx@WePower.docx,2
PRIZM.docx@Nebulas.docx,2
LiquidApps.docx@CertifiedDiamondNetwork.docx,2
LUXCoin.docx@Hifi_Finance.docx,2
RealTract.docx@Burst.docx,2
Silverway.docx@LUXCoin.docx,2
LUXCoin.docx@LIFE.docx,2
Skale.docx@IoTeX.docx,2
MediBloc.docx@LIFE.docx,2
Skycoin.docx@Centrality.docx,2
Silverway.docx@Cook-Whitepaper-3.docx,2
QASH.docx@LUXCoin.docx,2
LiquidApps.docx@Levolution.docx,2
QASH.docx@QuarkChain.docx,2
LiquidApps.docx@LIFE.docx,2
QASH.docx@Traxia.docx,2
QASH.docx@WePower.docx,2
QASH.docx@Ardor.docx,2
Skale.docx@Lunyr.docx,2
QASH.docx@Datum.docx,2
QASH.docx@Levolution.docx,2
Primas.docx@LUXCoin.docx,2
Ethereum_original.docx@FunctionX.docx,2
Carry.docx@LUXCoin.docx,2
BitbookGambling.docx@CertifiedDiamondNetwork.docx,2
CertifiedDiamondNetwork.docx@Crypterium.docx,2
Envion.docx@EXMR_FDN.docx,2
CertifiedDiamondNetwork.docx@Egretia.docx,2
Eximchain.docx@Carry.docx,2
CertifiedDiamondNetwork.docx@EXMR_FDN.docx,2
InternetNodeToken.docx@Hshare.docx,2
ChainGames.docx@LIFE.docx,2
Envion.docx@BitbookGambling.docx,2
ChainGames.docx@LUXCoin.docx,2
Envion.docx@LUXCoin.docx,2
aelf.docx@PoseidonNetwork.docx,2
Centrality.docx@Crypterium.docx,2
Covesting.docx@LUXCoin.docx,2
Centrality.docx@Delphy.docx,2
BitbookGambling.docx@EXMR_FDN.docx,2
IHTRealEstateProtocol.docx@UNUS_SED_LEO.docx,2
BitbookGambling.docx@INS.docx,2
Entercoin.docx@SunContract.docx,2
AgaveCoin.docx@Covesting.docx,2
Entercoin.docx@ULTRAIN.docx,2
IoTeX.docx@NKN.docx,2
BABB.docx@Cryptonex.docx,2
DeepOnion.docx@LindaCoin.docx,2
Envion.docx@INS.docx,2
DeepOnion.docx@NoLimitCoin.docx,2
Ethereum_original.docx@Burst.docx,2
Edgeless.docx@Centrality.docx,2
Ethereum_original.docx@truebit.docx,2
elrond-whitepaper.docx@MultiVAC.docx,2
Eximchain.docx@Bodhi.docx,2
BTUProtocol.docx@LUXCoin.docx,2
Eximchain.docx@LUXCoin.docx,2
Entercoin.docx@Bitcoin.docx,2
FunctionX.docx@INS.docx,2
ALQO.docx@LindaCoin.docx,2
IHTRealEstateProtocol.docx@LUXCoin.docx,2
Burst.docx@Credits.docx,2
Centrality.docx@Levolution.docx,2
Entercoin.docx@Populous.docx,2
Centrality.docx@LUXCoin.docx,2
AcuteAngleCould.docx@InternetNodeToken.docx,2
Crypterium.docx@LUXCoin.docx,2
IoTeX.docx@Burst.docx,2
Komodo.docx@Hshare.docx,2
0x.docx@Centrality.docx,2
Karma.docx@Peerplays.docx,2
Cryptonex.docx@PLATINCOIN.docx,2
Dimecoin.docx@Grid+.docx,2
TomoChain.docx@Kyber.docx,1
SuperZero.docx@Zilliqa.docx,1
Streamr.docx@NAGA.docx,1
SwftCoin.docx@InternetNodeToken.docx,1
Waltonchain.docx@RealTract.docx,1
SwftCoin.docx@Levolution.docx,1
ULTRAIN.docx@BlockStamp.docx,1
SwftCoin.docx@MyBit.docx,1
Substratum.docx@ALQO.docx,1
SwftCoin.docx@Nebulas.docx,1
Waltonchain.docx@0x.docx,1
SwftCoin.docx@PowerLedger.docx,1
SwftCoin.docx@Credits.docx,1
Sport_and_Leisure.docx@BABB.docx,1
Traxia.docx@INS.docx,1
SwftCoin.docx@QuantumResistantLedger.docx,1
StakeNet.docx@Zebi.docx,1
StakeNet.docx@ChainGames.docx,1
Unibright.docx@LUXCoin.docx,1
SwftCoin.docx@SunContract.docx,1
UNUS_SED_LEO.docx@EXMR_FDN.docx,1
SwftCoin.docx@SwissBorg.docx,1
Vidy.docx@Hshare.docx,1
SwftCoin.docx@truebit.docx,1
SwftCoin.docx@Ankr.docx,1
SwftCoin.docx@WaykiChain.docx,1
WePower.docx@Carry.docx,1
Swipe.docx@Alphacat.docx,1
SwftCoin.docx@Ethereum_original.docx,1
Swipe.docx@Hifi_Finance.docx,1
TomoChain.docx@Refereum.docx,1
StakeNet.docx@COSS.docx,1
truebit.docx@Ambrosus.docx,1
Swipe.docx@LiquidApps.docx,1
ULTRAIN.docx@HTMLCOIN.docx,1
Swipe.docx@MediBloc.docx,1
Unibright.docx@Blocktix.docx,1
StakeNet.docx@Crypterium.docx,1
Unibright.docx@Hshare.docx,1
SwissBorg.docx@Blackmoon.docx,1
Unibright.docx@RealTract.docx,1
SwissBorg.docx@Blocktix.docx,1
SunContract.docx@Ankr.docx,1
SwissBorg.docx@Bodhi.docx,1
UNUS_SED_LEO.docx@LIFE.docx,1
SwissBorg.docx@ChainGames.docx,1
Verge.docx@Wings.docx,1
SwissBorg.docx@Crypterium.docx,1
Sweetbridge.docx@ShipChain.docx,1
SwissBorg.docx@Dimecoin.docx,1
Waltonchain.docx@Cryptonex.docx,1
SwissBorg.docx@Entercoin.docx,1
Waltonchain.docx@NAGA.docx,1
SwissBorg.docx@Hshare.docx,1
Waltonchain.docx@XinFin.docx,1
SwissBorg.docx@IHTRealEstateProtocol.docx,1
WePower.docx@LIFE.docx,1
SwissBorg.docx@INS.docx,1
Zcash.docx@NAGA.docx,1
SwissBorg.docx@InternetNodeToken.docx,1
Zebi.docx@MediBloc.docx,1
SwissBorg.docx@Levolution.docx,1
TomoChain.docx@LINA.docx,1
SwissBorg.docx@PowerLedger.docx,1
StakeNet.docx@QuarkChain.docx,1
SwissBorg.docx@Primas.docx,1
StakeNet.docx@WePower.docx,1
SwissBorg.docx@QASH.docx,1
truebit.docx@Grid+.docx,1
SwissBorg.docx@QuarkChain.docx,1
ULTRAIN.docx@DavinciCoin.docx,1
SwissBorg.docx@QunQun.docx,1
ULTRAIN.docx@WaykiChain.docx,1
SwissBorg.docx@Silverway.docx,1
Unibright.docx@Ankr.docx,1
SwissBorg.docx@SunContract.docx,1
Unibright.docx@DMarket.docx,1
SwissBorg.docx@UNUS_SED_LEO.docx,1
Unibright.docx@HexxCoin.docx,1
SwissBorg.docx@WePower.docx,1
Unibright.docx@INS.docx,1
SwissBorg.docx@Zebi.docx,1
Streamr.docx@Skale.docx,1
Syscoin.docx@Zilliqa.docx,1
Substratum.docx@AIOZ.docx,1
Tap.docx@AllSports.docx,1
UNUS_SED_LEO.docx@Carry.docx,1
StakeNet.docx@Datum.docx,1
SunContract.docx@DeepOnion.docx,1
Tap.docx@Bodhi.docx,1
SuperZero.docx@Cartesi.docx,1
SmartMesh.docx@Paxos.docx,1
UTRUST.docx@Swarm.docx,1
Tap.docx@CertifiedDiamondNetwork.docx,1
Swarm.docx@NPCoin.docx,1
Tap.docx@Cook-Whitepaper-3.docx,1
Vidy.docx@AtlasProtocol.docx,1
Tap.docx@Datum.docx,1
Sweetbridge.docx@OriginTrail.docx,1
Tap.docx@Eximchain.docx,1
Vidy.docx@StakeNet.docx,1
Tap.docx@Hshare.docx,1
Waltonchain.docx@BABB.docx,1
Tap.docx@Karma.docx,1
Waltonchain.docx@FunctionX.docx,1
StakeNet.docx@Egretia.docx,1
Waltonchain.docx@LuckySeven.docx,1
Tap.docx@Lunyr.docx,1
Waltonchain.docx@PowerLedger.docx,1
StakeNet.docx@Gifto.docx,1
Waltonchain.docx@THEKEY.docx,1
StakeNet.docx@IHTRealEstateProtocol.docx,1
WaykiChain.docx@CyberVein.docx,1
Tap.docx@Sport_and_Leisure.docx,1
WePower.docx@Gifto.docx,1
Tap.docx@WePower.docx,1
XinFin.docx@BABB.docx,1
Telcoin.docx@0x.docx,1
Zcash.docx@ALQO.docx,1
Sport_and_Leisure.docx@Carry.docx,1
Zebi.docx@apM_Coin.docx,1
Telcoin.docx@Delphy.docx,1
Zebi.docx@Hshare.docx,1
Telcoin.docx@Dimecoin.docx,1
SwftCoin.docx@INS.docx,1
SmartMesh.docx@RequestNetwork.docx,1
TomoChain.docx@LIFE.docx,1
Telcoin.docx@Grid+.docx,1
TomoChain.docx@Nework.docx,1
Telcoin.docx@InternetNodeToken.docx,1
TomoChain.docx@Tokenomy.docx,1
Telcoin.docx@Kin.docx,1
StakeNet.docx@Silverway.docx,1
Telcoin.docx@LINA.docx,1
Tron.docx@Alphacat.docx,1
Telcoin.docx@Lunyr.docx,1
Tron.docx@ULTRAIN.docx,1
Telcoin.docx@Pillar.docx,1
truebit.docx@Ankr.docx,1
Telcoin.docx@Refereum.docx,1
truebit.docx@NAGA.docx,1
Telcoin.docx@Shyft.docx,1
ULTRAIN.docx@Bottos.docx,1
Telcoin.docx@shyft-network-inc-whitepaper_v4.1.docx,1
ULTRAIN.docx@DMarket.docx,1
StakeNet.docx@LindaCoin.docx,1
ULTRAIN.docx@Nework.docx,1
Telcoin.docx@TomoChain.docx,1
UNetwork.docx@AllSports.docx,1
TheForceProtocol.docx@Chronobank.docx,1
UNetwork.docx@DMarket.docx,1
TheForceProtocol.docx@CPChain.docx,1
Skycoin.docx@UNUS_SED_LEO.docx,1
TheForceProtocol.docx@KuCoin.docx,1
Streamr.docx@DavinciCoin.docx,1
THEKEY.docx@BABB.docx,1
Unibright.docx@Elastos.docx,1
THEKEY.docx@Cryptonex.docx,1
Unibright.docx@FunctionX.docx,1
THEKEY.docx@FunctionX.docx,1
Unibright.docx@Hifi_Finance.docx,1
THEKEY.docx@Lympo.docx,1
Unibright.docx@Icon.docx,1
THEKEY.docx@MedicCoin.docx,1
Unibright.docx@LINA.docx,1
THEKEY.docx@NPCoin.docx,1
Unibright.docx@Peerplays.docx,1
THEKEY.docx@PLATINCOIN.docx,1
Unibright.docx@Qtum.docx,1
THEKEY.docx@PowerLedger.docx,1
Unibright.docx@SunContract.docx,1
THEKEY.docx@Propy.docx,1
UNUS_SED_LEO.docx@B2BX.docx,1
Smartshare.docx@LinkEye.docx,1
UNUS_SED_LEO.docx@Bodhi.docx,1
THEKEY.docx@Sport_and_Leisure.docx,1
Substratum.docx@Credits.docx,1
THEKEY.docx@XinFin.docx,1
UNUS_SED_LEO.docx@ChainGames.docx,1
SONM.docx@AcuteAngleCould.docx,1
UNUS_SED_LEO.docx@DeepOnion.docx,1
Zilliqa.docx@Cartesi.docx,1
UNUS_SED_LEO.docx@Hshare.docx,1
Zilliqa.docx@DavinciCoin.docx,1
UNUS_SED_LEO.docx@Levolution.docx,1
ZrCoin.docx@Cryptonex.docx,1
UNUS_SED_LEO.docx@Viacoin.docx,1
SONM.docx@InternetNodeToken.docx,1
Verge.docx@ALQO.docx,1
ZVCHAIN.docx@Hydra.docx,1
Swarm.docx@Bottos.docx,1
ZVCHAIN.docx@InternetNodeToken.docx,1
Swarm.docx@StakeNet.docx,1
ZVCHAIN.docx@Origo.docx,1
Viacoin.docx@DeepOnion.docx,1
ZVCHAIN.docx@Yee.docx,1
Sweetbridge.docx@LIFE.docx,1
Skycoin.docx@Hshare.docx,1
Vidy.docx@LIFE.docx,1
StakeNet.docx@Nebulas.docx,1
Vidy.docx@Nebulas.docx,1
TimeNewBank.docx@Lunyr.docx,1
Vidy.docx@SmartMesh.docx,1
TimeNewBank.docx@Primas.docx,1
SwftCoin.docx@Ambrosus.docx,1
TimeNewBank.docx@Skycoin.docx,1
Waltonchain.docx@B2BX.docx,1
TimeNewBank.docx@SwftCoin.docx,1
Waltonchain.docx@Burst.docx,1
TimeNewBank.docx@SwissBorg.docx,1
Waltonchain.docx@DMarket.docx,1
TimeNewBank.docx@UNUS_SED_LEO.docx,1
Waltonchain.docx@GoWithMi.docx,1
TokenCard.docx@MovieBloc.docx,1
Waltonchain.docx@IoTeX.docx,1
TokenCard.docx@Status.docx,1
Waltonchain.docx@MAP.docx,1
Tokenomy.docx@0x.docx,1
Waltonchain.docx@NPCoin.docx,1
Tokenomy.docx@apM_Coin.docx,1
Waltonchain.docx@Propy.docx,1
Tokenomy.docx@Bancor.docx,1
Waltonchain.docx@Streamr.docx,1
Sport_and_Leisure.docx@UNetwork.docx,1
Waltonchain.docx@truebit.docx,1
Tokenomy.docx@Crypterium.docx,1
WaykiChain.docx@B2BX.docx,1
Tokenomy.docx@Datum.docx,1
WaykiChain.docx@Nework.docx,1
Tokenomy.docx@InternetNodeToken.docx,1
WePower.docx@Datum.docx,1
Tokenomy.docx@Kin.docx,1
SwftCoin.docx@Blocktix.docx,1
StakeNet.docx@NPCoin.docx,1
WePower.docx@MediBloc.docx,1
StakeNet.docx@PACcoin.docx,1
XinFin.docx@DeepOnion.docx,1
Tokenomy.docx@RealTract.docx,1
Yee.docx@LINA.docx,1
TomoChain.docx@0x.docx,1
SmartMesh.docx@Centrality.docx,1
TomoChain.docx@BABB.docx,1
Zebi.docx@Alphacat.docx,1
TomoChain.docx@BOSAGORA.docx,1
Zebi.docx@Bodhi.docx,1
StakeNet.docx@BTUProtocol.docx,1
SwftCoin.docx@Hifi_Finance.docx,1
TomoChain.docx@Delphy.docx,1
Zebi.docx@Levolution.docx,1
TomoChain.docx@Edgeless.docx,1
SwftCoin.docx@Icon.docx,1
TomoChain.docx@InternetNodeToken.docx,1
StakeNet.docx@QASH.docx,1
Zilliqa.docx@PLATINCOIN.docx,1
TimeNewBank.docx@AcuteAngleCould.docx,1
ZVCHAIN.docx@B2BX.docx,1
TimeNewBank.docx@ChainGames.docx,1
ZVCHAIN.docx@GXChain.docx,1
TimeNewBank.docx@Cortex.docx,1
ZVCHAIN.docx@Ink.docx,1
TimeNewBank.docx@Dimecoin.docx,1
ZVCHAIN.docx@MultiVAC.docx,1
TimeNewBank.docx@Hifi_Finance.docx,1
ZVCHAIN.docx@PACcoin.docx,1
TimeNewBank.docx@Hshare.docx,1
TimeNewBank.docx@HTMLCOIN.docx,1
TimeNewBank.docx@IHTRealEstateProtocol.docx,1
LiquidApps.docx@apM_Coin.docx,1
RealTract.docx@ULTRAIN.docx,1
Mirror.docx@Nework.docx,1
LiquidApps.docx@Zebi.docx,1
Shyft.docx@Grid+.docx,1
Nebulas.docx@OST.docx,1
QuarkChain.docx@Eximchain.docx,1
Nebulas.docx@Skycoin.docx,1
Ravencoin.docx@Burst.docx,1
Nebulas.docx@Steem.docx,1
Refereum.docx@Skycoin.docx,1
NKN.docx@OriginTrail.docx,1
Nebulas.docx@DavinciCoin.docx,1
NPCoin.docx@BABB.docx,1
QuarkChain.docx@Centrality.docx,1
NPCoin.docx@Bancor.docx,1
Mirror.docx@Blocktix.docx,1
NPCoin.docx@DeepOnion.docx,1
QunQun.docx@Envion.docx,1
NPCoin.docx@NoLimitCoin.docx,1
LiquidApps.docx@INS.docx,1
NPCoin.docx@Peercoin.docx,1
Refereum.docx@ChainGames.docx,1
NPCoin.docx@PLATINCOIN.docx,1
RocketPool.docx@Traxia.docx,1
NPCoin.docx@RealTract.docx,1
Silverway.docx@Centrality.docx,1
NPCoin.docx@XinFin.docx,1
Loopring.docx@Polymath.docx,1
NULS.docx@Neblio.docx,1
QuarkChain.docx@apM_Coin.docx,1
NULS.docx@Peerplays.docx,1
QuarkChain.docx@Dimecoin.docx,1
NULS.docx@RealTract.docx,1
QuarkChain.docx@INS.docx,1
Nxt.docx@Burst.docx,1
QuarkChain.docx@Shyft.docx,1
Nxt.docx@Credits.docx,1
LiquidApps.docx@ChainGames.docx,1
Nxt.docx@Velas.docx,1
LiquidApps.docx@Gifto.docx,1
Nxt.docx@XinFin.docx,1
RealTract.docx@Bankex.docx,1
Omisego.docx@Hifi_Finance.docx,1
RealTract.docx@LuckySeven.docx,1
Orchid.docx@Bulwark.docx,1
RedFOX.docx@INS.docx,1
Orchid.docx@PoseidonNetwork.docx,1
Refereum.docx@Kin.docx,1
OriginTrail.docx@Peerplays.docx,1
Remme.docx@Lympo.docx,1
Origo.docx@Cartesi.docx,1
SelfSell.docx@Delphy.docx,1
Origo.docx@Celer.docx,1
shyft-network-inc-whitepaper_v4.1.docx@Grid+.docx,1
Origo.docx@CelerNetwork-Whitepaper.docx,1
Nebulas.docx@Centrality.docx,1
Origo.docx@Hshare.docx,1
Silverway.docx@QuarkChain.docx,1
Origo.docx@SuperZero.docx,1
Nebulas.docx@LIFE.docx,1
Origo.docx@Zilliqa.docx,1
Loki.docx@ColossusXT.docx,1
OST.docx@AtlasProtocol.docx,1
LiquidApps.docx@Bodhi.docx,1
Paxos.docx@Burst.docx,1
QuarkChain.docx@Cook-Whitepaper-3.docx,1
Paxos.docx@Credits.docx,1
QuarkChain.docx@Elastic.docx,1
Paxos.docx@NAGA.docx,1
QuarkChain.docx@Gifto.docx,1
Paxos.docx@RealTract.docx,1
QuarkChain.docx@Kin.docx,1
PayPie.docx@Ambrosus.docx,1
QuarkChain.docx@Nework.docx,1
PayPie.docx@Burst.docx,1
QuarkChain.docx@UNUS_SED_LEO.docx,1
Lunyr.docx@Dimecoin.docx,1
MultiVAC.docx@Egretia.docx,1
PayPie.docx@Fusion.docx,1
QunQun.docx@CertifiedDiamondNetwork.docx,1
Lunyr.docx@Hifi_Finance.docx,1
QunQun.docx@INS.docx,1
Lunyr.docx@Hshare.docx,1
QunQun.docx@UNetwork.docx,1
PayPie.docx@SunContract.docx,1
RealTract.docx@Ankr.docx,1
PayPie.docx@Traxia.docx,1
RealTract.docx@Chronobank.docx,1
PayPie.docx@Zebi.docx,1
RealTract.docx@DeepOnion.docx,1
Peercoin.docx@Syscoin.docx,1
RealTract.docx@SunContract.docx,1
pEOS.docx@ApolloCurrency.docx,1
NAGA.docx@Grid+.docx,1
Perlin.docx@Syscoin.docx,1
RedFOX.docx@Lunyr.docx,1
Pillar.docx@B2BX.docx,1
Refereum.docx@Dimecoin.docx,1
Pillar.docx@Delphy.docx,1
Refereum.docx@Shyft.docx,1
Pillar.docx@LINA.docx,1
Refereum.docx@Zebi.docx,1
Pillar.docx@Refereum.docx,1
RequestNetwork.docx@DeepOnion.docx,1
PIVX.docx@ALQO.docx,1
SALT.docx@Skycoin.docx,1
PIVX.docx@ColossusXT.docx,1
Shyft.docx@AtlasProtocol.docx,1
LIFE.docx@Hshare.docx,1
shyft-network-inc-whitepaper_v4.1.docx@AtlasProtocol.docx,1
PLATINCOIN.docx@GXChain.docx,1
Silverway.docx@AllSports.docx,1
PLATINCOIN.docx@Lympo.docx,1
Loki.docx@Zcash.docx,1
PlayFuel.docx@LuckySeven.docx,1
Silverway.docx@EXMR_FDN.docx,1
PolkaDotPaper.docx@Grid+.docx,1
Nebulas.docx@DeepOnion.docx,1
PolkaDotPaper.docx@Gulden.docx,1
Skale.docx@Burst.docx,1
PolkaDotPaper.docx@InternetNodeToken.docx,1
Skale.docx@Traxia.docx,1
Lunyr.docx@INS.docx,1
Skycoin.docx@Hifi_Finance.docx,1
Polymath.docx@XinFin.docx,1
QuantumResistantLedger.docx@truebit.docx,1
Populous.docx@SunContract.docx,1
LiquidApps.docx@BitbookGambling.docx,1
Populous.docx@SuperZero.docx,1
QuarkChain.docx@BitbookGambling.docx,1
Levolution.docx@Hshare.docx,1
MedicCoin.docx@Lympo.docx,1
PoseidonNetwork.docx@GXChain.docx,1
MedicCoin.docx@Nework.docx,1
PoseidonNetwork.docx@LINA.docx,1
MedicCoin.docx@PLATINCOIN.docx,1
PoseidonNetwork.docx@truebit.docx,1
MedicCoin.docx@RealTract.docx,1
PowerLedger.docx@Ankr.docx,1
QuarkChain.docx@Envion.docx,1
PowerLedger.docx@BABB.docx,1
QuarkChain.docx@EXMR_FDN.docx,1
PowerLedger.docx@Bottos.docx,1
QuarkChain.docx@Grid+.docx,1
PowerLedger.docx@Burst.docx,1
QuarkChain.docx@IoTeX.docx,1
PowerLedger.docx@Celer.docx,1
QuarkChain.docx@Levolution.docx,1
PowerLedger.docx@CelerNetwork-Whitepaper.docx,1
QuarkChain.docx@Neblio.docx,1
PowerLedger.docx@Centrality.docx,1
QuarkChain.docx@PACcoin.docx,1
PowerLedger.docx@DeepOnion.docx,1
QuarkChain.docx@shyft-network-inc-whitepaper_v4.1.docx,1
Lunyr.docx@Primas.docx,1
QuarkChain.docx@WaykiChain.docx,1
PowerLedger.docx@Fusion.docx,1
Mirror.docx@ULTRAIN.docx,1
PowerLedger.docx@GXChain.docx,1
QunQun.docx@AgaveCoin.docx,1
Litex.docx@Alphacat.docx,1
LiquidApps.docx@Cook-Whitepaper-3.docx,1
PowerLedger.docx@LuckySeven.docx,1
MultiVAC.docx@PACcoin.docx,1
PowerLedger.docx@MyBit.docx,1
QunQun.docx@EXMR_FDN.docx,1
Lunyr.docx@Skycoin.docx,1
QunQun.docx@Nework.docx,1
Levolution.docx@Gifto.docx,1
QunQun.docx@Silverway.docx,1
PowerLedger.docx@WaykiChain.docx,1
QunQun.docx@UNUS_SED_LEO.docx,1
PowerLedger.docx@XinFin.docx,1
Ravencoin.docx@XinFin.docx,1
Primas.docx@Bottos.docx,1
RealTract.docx@BABB.docx,1
Primas.docx@ChainGames.docx,1
MultiVAC.docx@Zilliqa.docx,1
Primas.docx@Covesting.docx,1
LiquidApps.docx@Hshare.docx,1
Primas.docx@Dimecoin.docx,1
RealTract.docx@Cryptonex.docx,1
Primas.docx@Hifi_Finance.docx,1
MyBit.docx@INS.docx,1
Primas.docx@Hshare.docx,1
RealTract.docx@MyBit.docx,1
Primas.docx@LIFE.docx,1
RealTract.docx@truebit.docx,1
Litex.docx@DeepOnion.docx,1
ReddCoin.docx@DavinciCoin.docx,1
Lunyr.docx@UNUS_SED_LEO.docx,1
RedFOX.docx@BTUProtocol.docx,1
Primas.docx@ULTRAIN.docx,1
NAGA.docx@Icon.docx,1
Litex.docx@Delphy.docx,1
Nano.docx@Credits.docx,1
LiquidApps.docx@Alphacat.docx,1
Refereum.docx@Delphy.docx,1
PRIZM.docx@Velas.docx,1
Refereum.docx@Grid+.docx,1
ProjectPai.docx@AtlasProtocol.docx,1
Refereum.docx@LINA.docx,1
Propy.docx@BABB.docx,1
Refereum.docx@shyft-network-inc-whitepaper_v4.1.docx,1
Litex.docx@MakerDAO.docx,1
Refereum.docx@UNUS_SED_LEO.docx,1
Propy.docx@FunctionX.docx,1
Remme.docx@INS.docx,1
Propy.docx@IHTRealEstateProtocol.docx,1
RequestNetwork.docx@Centrality.docx,1
Propy.docx@MedicCoin.docx,1
RequestNetwork.docx@Ethos.docx,1
Propy.docx@RealTract.docx,1
SALT.docx@Bread.docx,1
Litex.docx@N.Exchange.docx,1
SelfSell.docx@BTUProtocol.docx,1
QASH.docx@Crypterium.docx,1
SelfSell.docx@Levolution.docx,1
Litex.docx@Nebulas.docx,1
Shyft.docx@Cook-Whitepaper-3.docx,1
QASH.docx@Envion.docx,1
Shyft.docx@WePower.docx,1
QASH.docx@IHTRealEstateProtocol.docx,1
shyft-network-inc-whitepaper_v4.1.docx@Cook-Whitepaper-3.docx,1
QASH.docx@INS.docx,1
shyft-network-inc-whitepaper_v4.1.docx@WePower.docx,1
QASH.docx@InternetNodeToken.docx,1
Nebulas.docx@ALQO.docx,1
LIFE.docx@Hifi_Finance.docx,1
Silverway.docx@CertifiedDiamondNetwork.docx,1
QASH.docx@LIFE.docx,1
Nebulas.docx@BOSAGORA.docx,1
QASH.docx@Lunyr.docx,1
Nebulas.docx@ColossusXT.docx,1
MediBloc.docx@Gifto.docx,1
Silverway.docx@IHTRealEstateProtocol.docx,1
MediBloc.docx@Hshare.docx,1
Silverway.docx@LIFE.docx,1
QASH.docx@Shyft.docx,1
Silverway.docx@QASH.docx,1
QASH.docx@shyft-network-inc-whitepaper_v4.1.docx,1
Nebulas.docx@Gifto.docx,1
MediBloc.docx@Levolution.docx,1
Nebulas.docx@Icon.docx,1
Litex.docx@Nework.docx,1
Skale.docx@RocketPool.docx,1
MediBloc.docx@LuckySeven.docx,1
Skycoin.docx@B2BX.docx,1
Litex.docx@Viacoin.docx,1
Skycoin.docx@ChainGames.docx,1
Qtum.docx@Holo.docx,1
Lunyr.docx@BTUProtocol.docx,1
Qtum.docx@Origo.docx,1
Karma.docx@ZrCoin.docx,1
FunctionX.docx@Shyft.docx,1
Ethereum_original.docx@InternetNodeToken.docx,1
BitbookGambling.docx@Carry.docx,1
B2BX.docx@Lympo.docx,1
AcuteAngleCould.docx@Egretia.docx,1
Envion.docx@Cook-Whitepaper-3.docx,1
BitbookGambling.docx@Covesting.docx,1
Eximchain.docx@LIFE.docx,1
AcuteAngleCould.docx@elrond-whitepaper.docx,1
HexxCoin.docx@Ink.docx,1
AcuteAngleCould.docx@Envion.docx,1
Bancor.docx@ColossusXT.docx,1
AcuteAngleCould.docx@HTMLCOIN.docx,1
Entercoin.docx@truebit.docx,1
BitbookGambling.docx@Levolution.docx,1
Envion.docx@Refereum.docx,1
BitbookGambling.docx@MediBloc.docx,1
Everus.docx@Nework.docx,1
Bitcoin.docx@Bulwark.docx,1
FunctionX.docx@BABB.docx,1
BlockMasonCreditProtocol.docx@Kin.docx,1
GreenPower.docx@IOStoken.docx,1
BlockStamp.docx@DavinciCoin.docx,1
IHTRealEstateProtocol.docx@Centrality.docx,1
Bodhi.docx@Carry.docx,1
InternetNodeToken.docx@Levolution.docx,1
Bodhi.docx@CertifiedDiamondNetwork.docx,1
IoTeX.docx@Zcash.docx,1
Bodhi.docx@Hshare.docx,1
ALQO.docx@DeepOnion.docx,1
Bodhi.docx@INS.docx,1
Ankr.docx@INS.docx,1
Bodhi.docx@MediBloc.docx,1
apM_Coin.docx@Carry.docx,1
BOSAGORA.docx@Chia.docx,1
apM_Coin.docx@NAGA.docx,1
AcuteAngleCould.docx@INS.docx,1
Ethereum_original.docx@Ravencoin.docx,1
Bottos.docx@Nework.docx,1
Eximchain.docx@CertifiedDiamondNetwork.docx,1
BTUProtocol.docx@LIFE.docx,1
Eximchain.docx@Traxia.docx,1
0x.docx@IoTeX.docx,1
FunctionX.docx@Grid+.docx,1
AcuteAngleCould.docx@MediBloc.docx,1
Golem.docx@ColossusXT.docx,1
AcuteAngleCould.docx@Nebulas.docx,1
GreenPower.docx@Viacoin.docx,1
Burst.docx@Grid+.docx,1
Hshare.docx@Hifi_Finance.docx,1
Burst.docx@INS.docx,1
IHTRealEstateProtocol.docx@InternetNodeToken.docx,1
Burst.docx@MyBit.docx,1
InternetNodeToken.docx@Dimecoin.docx,1
Burst.docx@NAGA.docx,1
InternetNodeToken.docx@Refereum.docx,1
Carry.docx@CertifiedDiamondNetwork.docx,1
Bancor.docx@Delphy.docx,1
AcuteAngleCould.docx@ULTRAIN.docx,1
Karma.docx@Kyber.docx,1
Carry.docx@Datum.docx,1
BitbookGambling.docx@Bodhi.docx,1
Carry.docx@Egretia.docx,1
0x.docx@Edgeless.docx,1
Carry.docx@Hshare.docx,1
Entercoin.docx@WaykiChain.docx,1
Carry.docx@Levolution.docx,1
Envion.docx@Centrality.docx,1
AcuteAngleCould.docx@UNetwork.docx,1
APIS.docx@LindaCoin.docx,1
AcuteAngleCould.docx@UNUS_SED_LEO.docx,1
Envion.docx@LIFE.docx,1
Cartesi.docx@Neblio.docx,1
Envion.docx@UNUS_SED_LEO.docx,1
Celer.docx@CloakCoin.docx,1
AppCoins.docx@Hshare.docx,1
CelerNetwork-Whitepaper.docx@CloakCoin.docx,1
Ethereum_original.docx@Nebulas.docx,1
aelf.docx@ArdCoin.docx,1
Ardor.docx@Icon.docx,1
aelf.docx@Ardor.docx,1
AtlasProtocol.docx@Gifto.docx,1
Centrality.docx@Gifto.docx,1
Eximchain.docx@FunctionX.docx,1
Centrality.docx@INS.docx,1
B2BX.docx@Celer.docx,1
0x.docx@Kin.docx,1
B2BX.docx@CertifiedDiamondNetwork.docx,1
aelf.docx@Yee.docx,1
FunctionX.docx@Cook-Whitepaper-3.docx,1
Centrality.docx@LIFE.docx,1
FunctionX.docx@NPCoin.docx,1
Centrality.docx@LINA.docx,1
FunctionX.docx@XinFin.docx,1
AgaveCoin.docx@CertifiedDiamondNetwork.docx,1
GreenPower.docx@BlockMasonCreditProtocol.docx,1
Centrality.docx@NAGA.docx,1
GreenPower.docx@Levolution.docx,1
Centrality.docx@NoLimitCoin.docx,1
GXChain.docx@GlitzKoin.docx,1
AgaveCoin.docx@Cook-Whitepaper-3.docx,1
HighPerformanceBlockchain.docx@IoTeX.docx,1
0x.docx@Loopring.docx,1
IHTRealEstateProtocol.docx@BitbookGambling.docx,1
AgaveCoin.docx@EXMR_FDN.docx,1
IHTRealEstateProtocol.docx@Crypterium.docx,1
CertifiedDiamondNetwork.docx@INS.docx,1
B2BX.docx@Levolution.docx,1
ChainGames.docx@Covesting.docx,1
BABB.docx@BitbookGambling.docx,1
ChainGames.docx@Hifi_Finance.docx,1
AcuteAngleCould.docx@Carry.docx,1
ChainGames.docx@Hshare.docx,1
InternetNodeToken.docx@Origo.docx,1
AgaveCoin.docx@Shyft.docx,1
BABB.docx@PLATINCOIN.docx,1
AgaveCoin.docx@shyft-network-inc-whitepaper_v4.1.docx,1
IoTeX.docx@Loki.docx,1
CloakCoin.docx@DeepOnion.docx,1
IoTeX.docx@PIVX.docx,1
CloakCoin.docx@HTMLCOIN.docx,1
Karma.docx@Cryptonex.docx,1
ColossusXT.docx@Crypterium.docx,1
Karma.docx@Shyft.docx,1
ColossusXT.docx@Diamond.docx,1
Bankex.docx@INS.docx,1
Constellation.docx@CyberVein.docx,1
ALQO.docx@ColossusXT.docx,1
Cook-Whitepaper-3.docx@Datum.docx,1
Entercoin.docx@Skycoin.docx,1
Cook-Whitepaper-3.docx@Gifto.docx,1
Ambrosus.docx@Cryptonex.docx,1
Cook-Whitepaper-3.docx@INS.docx,1
Ambrosus.docx@LunchMoney.docx,1
Cook-Whitepaper-3.docx@Levolution.docx,1
Envion.docx@B2BX.docx,1
Cook-Whitepaper-3.docx@MediBloc.docx,1
Envion.docx@Bodhi.docx,1
COSS.docx@LIFE.docx,1
Envion.docx@CertifiedDiamondNetwork.docx,1
Covesting.docx@DavinciCoin.docx,1
Ankr.docx@MyBit.docx,1
Aion.docx@Blocknet.docx,1
Envion.docx@Hifi_Finance.docx,1
Aion.docx@CertifiedDiamondNetwork.docx,1
Envion.docx@Levolution.docx,1
Covesting.docx@MediBloc.docx,1
apM_Coin.docx@Crypterium.docx,1
Covesting.docx@NAGA.docx,1
Envion.docx@Skycoin.docx,1
Crypterium.docx@EXMR_FDN.docx,1
Ethereum_original.docx@Ambrosus.docx,1
Aion.docx@CyberVein.docx,1
Ethereum_original.docx@DeepOnion.docx,1
Crypterium.docx@Levolution.docx,1
Ethereum_original.docx@Gulden.docx,1
Crypterium.docx@LIFE.docx,1
Ethereum_original.docx@NAGA.docx,1
AIOZ.docx@elrond-whitepaper.docx,1
Ethereum_original.docx@QuantumResistantLedger.docx,1
AIOZ.docx@IoTeX.docx,1
0x.docx@InternetNodeToken.docx,1
Cryptonex.docx@LINA.docx,1
Everex.docx@Entercoin.docx,1
AIOZ.docx@Komodo.docx,1
Eximchain.docx@BitbookGambling.docx,1
Datum.docx@INS.docx,1
B2BX.docx@BitbookGambling.docx,1
DavinciCoin.docx@PLATINCOIN.docx,1
Eximchain.docx@Cook-Whitepaper-3.docx,1
DeepOnion.docx@HTMLCOIN.docx,1
Eximchain.docx@InternetNodeToken.docx,1
AIOZ.docx@QuantumResistantLedger.docx,1
Eximchain.docx@LiquidApps.docx,1
0x.docx@Refereum.docx,1
Eximchain.docx@MediBloc.docx,1
Delphy.docx@Kin.docx,1
Eximchain.docx@WePower.docx,1
0x.docx@B2BX.docx,1
FunctionX.docx@B2BX.docx,1
Dimecoin.docx@Hifi_Finance.docx,1
FunctionX.docx@Blocktix.docx,1
Dimecoin.docx@Hshare.docx,1
FunctionX.docx@Cryptonex.docx,1
DMarket.docx@NAGA.docx,1
B2BX.docx@CyberVein.docx,1
Dragonchain.docx@Centrality.docx,1
FunctionX.docx@RealTract.docx,1
Dusk.docx@ColossusXT.docx,1
FunctionX.docx@shyft-network-inc-whitepaper_v4.1.docx,1
Dusk.docx@IoTeX.docx,1
GNY.docx@RealTract.docx,1
Dusk.docx@Nano.docx,1
B2BX.docx@GXChain.docx,1
AllSports.docx@CertifiedDiamondNetwork.docx,1
GreenPower.docx@Bulwark.docx,1
Edgeless.docx@Delphy.docx,1
GreenPower.docx@IoTeX.docx,1
Edgeless.docx@Kin.docx,1
GreenPower.docx@Peerplays.docx,1
Edgeless.docx@Tigereum.docx,1
Gulden.docx@Yee.docx,1
Edgeless.docx@Traxia.docx,1
Hegic.docx@Kyber.docx,1
Elastic.docx@Skycoin.docx,1
Hifi_Finance.docx@EXMR_FDN.docx,1
Elastos.docx@ULTRAIN.docx,1
Holo.docx@APIS.docx,1
Electra.docx@LindaCoin.docx,1
HTMLCOIN.docx@Gifto.docx,1
Electra.docx@Verge.docx,1
IHTRealEstateProtocol.docx@BlockMasonCreditProtocol.docx,1
elrond-whitepaper.docx@DeepOnion.docx,1
IHTRealEstateProtocol.docx@CertifiedDiamondNetwork.docx,1
elrond-whitepaper.docx@HTMLCOIN.docx,1
IHTRealEstateProtocol.docx@INS.docx,1
elrond-whitepaper.docx@IoTeX.docx,1
IHTRealEstateProtocol.docx@LIFE.docx,1
0x.docx@Delphy.docx,1
IHTRealEstateProtocol.docx@Primas.docx,1
elrond-whitepaper.docx@PIVX.docx,1
INS.docx@EXMR_FDN.docx,1
Alphacat.docx@Carry.docx,1
InternetNodeToken.docx@Delphy.docx,1
Energo.docx@MediBloc.docx,1
InternetNodeToken.docx@Hifi_Finance.docx,1
Entercoin.docx@Ankr.docx,1
InternetNodeToken.docx@Kin.docx,1
Entercoin.docx@B2BX.docx,1
BABB.docx@DavinciCoin.docx,1
Alphacat.docx@MediBloc.docx,1
BABB.docx@LuckySeven.docx,1
Entercoin.docx@BlockMasonCreditProtocol.docx,1
IOStoken.docx@ALQO.docx,1
Entercoin.docx@Burst.docx,1
Iota.docx@RealTract.docx,1
Entercoin.docx@Celer.docx,1
IoTeX.docx@ColossusXT.docx,1
Entercoin.docx@CyberVein.docx,1
IoTeX.docx@Nebulas.docx,1
ALQO.docx@APIS.docx,1
IoTeX.docx@OriginTrail.docx,1
Entercoin.docx@FunctionX.docx,1
IoTeX.docx@ULTRAIN.docx,1
Entercoin.docx@Grid+.docx,1
Karma.docx@AtlasProtocol.docx,1
Entercoin.docx@HexxCoin.docx,1
Karma.docx@DMarket.docx,1
AcuteAngleCould.docx@Akash.docx,1
Bankex.docx@Burst.docx,1
Entercoin.docx@Mirror.docx,1
Karma.docx@shyft-network-inc-whitepaper_v4.1.docx,1
Entercoin.docx@MyBit.docx,1
Komodo.docx@Chia.docx,1
Entercoin.docx@NAGA.docx,1
Kyber.docx@Gifto.docx,1
Entercoin.docx@PayPie.docx,1
Entercoin.docx@Peerplays.docx,1
Grand Total,1723
,
