Unnamed: 0,key,query,source,score
2227,Sport_and_Leisure.docx@AllSports.docx,"contents will be examined through objecting criteria such as clicks received, number of times shared or reported by users, as well as other interactive feedback means.","contents will be examined through objecting criteria such as clicks received, number of times shared or reported by users, as well as other interactive feedback means.",1.000001192
2277,Sport_and_Leisure.docx@AllSports.docx,"it also helps participants manage their own accounts, as well as use of payment for a wide range of apps and consumer scenarios across the platform.","it also helps participants manage their own accounts, as well as use of payment for a wide range of apps and consumer scenarios across the platform.",1.000000954
2235,Sport_and_Leisure.docx@AllSports.docx,ip asset distribution platform (primary market): a platform to first release the ip assets and distribute them through the form of additional ip token.,ip asset distribution platform (primary market): a platform to first release the ip assets and distribute them through the form of additional ip token.,1.000000596
2139,Sport_and_Leisure.docx@AllSports.docx,"with the help of smart contracts and token systems, it offers both convenient payment and settlement and application development agreement for developers, and it is planned that the ecosystem will support sports information and community open platforms, sports ip asset trading and promoting platforms, prediction entertainment platforms, application open platforms etc.","with the help of smart contracts and token systems, it offers both convenient payment and settlement and application development agreement for developers, and it is planned that the ecosystem will support sports information and community open platforms, sports ip asset trading and promoting platforms, prediction entertainment platforms, application open platforms etc.",1.000000477
2294,Sport_and_Leisure.docx@AllSports.docx,"risk control committee:
research and formulate risk control strategies, develop risk control standards, review overall operational risks, convene risk review meetings for projects and reveal the outcomes of reviews.","risk control committee:
research and formulate risk control strategies, develop risk control standards, review overall operational risks, convene risk review meetings for projects and reveal the outcomes of reviews.",1.000000358
2260,Sport_and_Leisure.docx@AllSports.docx,"the market volume or user base for sports prediction is very large, which provides a strong economic base and broad application prospects for this service.","the market volume or user base for sports prediction is very large, which provides a strong economic base and broad application prospects for this service.",1.000000358
2219,Sport_and_Leisure.docx@AllSports.docx,"the contributions in the token sale will be held by the foundation (or its affiliate) after the token sale, and contributors will have no economic or legal right over or beneficial interest in these contributions or the assets of that entity after the token sale.","the contributions in the token sale will be held by the foundation (or its affiliate) after the token sale, and contributors will have no economic or legal right over or beneficial interest in these contributions or the assets of that entity after the token sale.",1.000000358
2165,Sport_and_Leisure.docx@AllSports.docx,"the related department has said that by 2020, the global online betting market is expected to grow rapidly at an annual rate of 11% after investigation and analysis.","the related department has said that by 2020, the global online betting market is expected to grow rapidly at an annual rate of 11% after investigation and analysis.",1.000000358
2160,Sport_and_Leisure.docx@AllSports.docx,"the higher the degree of demand is, the higher the value of ip assets; the faster and wider the value delivers, the higher the commercial efficiency of ip assets.","the higher the degree of demand is, the higher the value of ip assets; the faster and wider the value delivers, the higher the commercial efficiency of ip assets.",1.000000358
2141,Sport_and_Leisure.docx@AllSports.docx,"further, these ecosystem partners may achieve their aim of value transfer and token consumption through sports ip asset trading and promoting platforms, prediction entertainment platforms and application open platforms.","further, these ecosystem partners may achieve their aim of value transfer and token consumption through sports ip asset trading and promoting platforms, prediction entertainment platforms and application open platforms.",1.000000238
2222,Sport_and_Leisure.docx@AllSports.docx,"these processes would require an open and transparent pricing system designed for various aspects such as content supplement, interactive supplement and service consumption.","these processes would require an open and transparent pricing system designed for various aspects such as content supplement, interactive supplement and service consumption.",1.000000119
2286,Sport_and_Leisure.docx@AllSports.docx,"top ips such as cristiano ronaldo, roberto baggio and inter milan have signed and gained access into the ip asset trading platform.","top ips such as cristiano ronaldo, roberto baggio and inter milan have signed and gained access into the ip asset trading platform.",1
2182,Sport_and_Leisure.docx@AllSports.docx,"of games, application, media) (cp) to obtain information for ip transaction and business value at the same time as well.","of games, application, media) (cp) to obtain information for ip transaction and business value at the same time as well.",1
2172,Sport_and_Leisure.docx@AllSports.docx,"users' demands for information contents and forms are rich and varied, which makes the cost of meeting needs is very high.","users' demands for information contents and forms are rich and varied, which makes the cost of meeting needs is very high.",1
2299,Sport_and_Leisure.docx@AllSports.docx,"this incentive will be released over four years – one quarter will be released in the first year, and one quarter will be released each year thereafter.","this incentive will be released over four years – one quarter will be released in the first year, and one quarter will be released each year thereafter.",0.99999994
2173,Sport_and_Leisure.docx@AllSports.docx,"except for the real iconic characters, users need to create their own image from 0 to 1 in each community, which will lead to the slow integration of new people into the community and community growth.","except for the real iconic characters, users need to create their own image from 0 to 1 in each community, which will lead to the slow integration of new people into the community and community growth.",0.999999881
2273,Sport_and_Leisure.docx@AllSports.docx,"this allows people around the world to overcome the geographical barriers and use their fragmented time anytime, anywhere to participate.","this allows people around the world to overcome the geographical barriers and use their fragmented time anytime, anywhere to participate.",0.999999642
2238,Sport_and_Leisure.docx@AllSports.docx,"the total number of each ip token is fixed, while the proportion of the initial distribution of shares cannot be too much nor too little.","the total number of each ip token is fixed, while the proportion of the initial distribution of shares cannot be too much nor too little.",0.999999642
2188,Sport_and_Leisure.docx@AllSports.docx,"fans do not share in the rise in the asset value of ip assets, while ip assets do not drive fans to create value quickly.","fans do not share in the rise in the asset value of ip assets, while ip assets do not drive fans to create value quickly.",0.999999583
2151,Sport_and_Leisure.docx@AllSports.docx,"with the development and growth of internet, especially of mobile internet, sports industry has been massively migrating from traditional channels to mobile internet and expanded continuously through the mobile internet.","with the development and growth of internet, especially of mobile internet, sports industry has been massively migrating from traditional channels to mobile internet and expanded continuously through the mobile internet.",0.999999523
2187,Sport_and_Leisure.docx@AllSports.docx,"the value of sporting ip assets is largely determined by fans and consumers, but there is a chasm between assets and fans which is that there is no link between the actions of fans and the value of the sporting ip asset.","the value of sporting ip assets is largely determined by fans and consumers, but there is a chasm between assets and fans which is that there is no link between the actions of fans and the value of the sporting ip asset.",0.999999464
2271,Sport_and_Leisure.docx@AllSports.docx,"encryption protection: wallet address (representing participants), digital tokens and other blockchain data are the encryption features that can effectively protect the information security of all participants, enhancing the reputation of the platform and improving the service level of the platform.","encryption protection: wallet address (representing participants), digital tokens and other blockchain data are the encryption features that can effectively protect the information security of all participants, enhancing the reputation of the platform and improving the service level of the platform.",0.999999404
2183,Sport_and_Leisure.docx@AllSports.docx,"sports ip builds a primary market by its own owners or brokers, but sports ip lacks enough resources to build a secondary market.","sports ip builds a primary market by its own owners or brokers, but sports ip lacks sufficient resources to build a secondary market.",0.998435259
2230,Sport_and_Leisure.docx@AllSports.docx,"sports ip asset trading platform
sports ip asset trading platform connects the sports ip asset owners, supporters, fans, content providers to fulfil the integration of industry resources, the delivering of values and the promotion of the sports industry development as well as evolution.","sports ip asset trading platform

sports ip asset trading platform connects the sports ip asset owners, supporters, fans, content providers to fulfil the integration of industry resources, the delivering of values and the promotion of the sports industry development as well as evolution.",0.997404933
2167,Sport_and_Leisure.docx@AllSports.docx,"sports information & community
the spread of sports industry, the exertion of its influence, and the interaction between ips and fans have all transferred to mobile internet in large numbers.","sports information & community

the spread of sports industry, the exertion of its influence, and the interaction between ips and fans have all transferred to mobile internet in large numbers.",0.997273922
2179,Sport_and_Leisure.docx@AllSports.docx,"due to the poor structure of incentive mechanism and the fragile relationship between sports communities and their large number of users, it is difficult to integrate two into one single subject, which makes it even more difficult to realize during the business process of intervention into users.","due to the poor structure of incentive mechanism and the fragile relationship between sports communities and their large number of users, it is difficult to integrate two into one single subject, which makes it even more difficult to realise during the business process of intervention into users.",0.997072577
2150,Sport_and_Leisure.docx@AllSports.docx,"athletes, clubs, teams, events, brokerage firms, venues, equipment's, training institutions and media form the perfect and evolving ecosystem chain of sports industry.","athletes, clubs, teams, events, brokerage firms, venues, equipments, training institutions and media form the perfect and evolving ecosystem chain of sports industry.",0.996971488
2197,Sport_and_Leisure.docx@AllSports.docx,"users’ trust in claim payments depends only on the trustworthiness of the banker and the platform, especially when there is a risk at the complex and long-term payment and delivery.","users’ trust in claim payments depends only on the trustworthiness of the banker and the platform, especially when there is a risk at the complex and long-­‐term payment and delivery.",0.996843576
2264,Sport_and_Leisure.docx@AllSports.docx,"network distribution: for worldwide intermediaries, it provides a smart distribution system, including user overview, offline management, commission settings, financial sub-accounts and other functions.","network distribution: for worldwide intermediaries, it provides a smart distribution system, including user overview, offline management, commission settings, financial sub-­‐accounts and other functions.",0.996315777
2279,Sport_and_Leisure.docx@AllSports.docx,"by submitting a smart contract, it specifies basic open-economy rules for the entire platform, addressing the trading and incentive issues in various communities and consumer scenarios on the platform, and ensuring that the ecosystem of the entire platform is open and transparent.","by submitting a smart contract, it specifies basic open-­‐economy rules for the entire platform, addressing the trading and incentive issues in various communities and consumer scenarios on the platform, and ensuring that the ecosystem of the entire platform is open and transparent.",0.996312141
2169,Sport_and_Leisure.docx@AllSports.docx,"however, there are still many problems in modes and systems of sports information and community on the mobile internet, which are specifically as follows:
the authentication mechanism of content value lags behind and now the content of media is generated by a centralized platform-generated content model.","however, there are still many problems in modes and systems of sports information and community on the mobile internet, which are specifically as follows:

the authentication mechanism of content value lags behind and now the content of media is generated by a centralised platform-­‐generated content model.",0.994399071
2205,Sport_and_Leisure.docx@AllSports.docx,"games & applications
now most sports games and applications are on mobile terminals, but the current mobile ecosystem is a typical closed ecosystem, which brings some problems to sports games and applications:
pricing and value of users’ acquisition process are not transparent, the mainstream of cpt, cpa access to acquire users need to be paid in advance for exposure and start-up, of whom it takes a certain period to clear the actual value of users, however.","games & applications

now most sports games and applications are on mobile terminals, but the current mobile ecosystem is a typical closed ecosystem, which brings some problems to sports games and applications:

pricing and value of users’ acquisition process are not transparent, the mainstream of cpt, cpa access to acquire users need to be paid in advance for

exposure and start-­‐up, of whom it takes a certain period of time to clear the actual value of users, however.",0.993818998
2147,Sport_and_Leisure.docx@AllSports.docx,"it has also reached consensus with the world's largest mobile football media and community, the world's top sports betting suppliers and service providers, and the world's top sports stars on blockchain cooperation, allowing it to build sport and leisure public blockchain with strong industry support.","it has also reached consensus with the world's largest mobile football media and community, the world's top sports betting suppliers and service providers, and the world's top sports stars on blockchain cooperation, allowing it to build all sports public blockchain with strong industry support.",0.993725002
2159,Sport_and_Leisure.docx@AllSports.docx,"every single ip (individual or organization) in this industrial chain has its commercial value, which does not exist independently, but is determined by demand in the industrial chain.","every single ip (individual or organisation) in this industrial chain has its commercial value, which does not exist independently, but is determined by demand in the industrial chain.",0.993703067
2157,Sport_and_Leisure.docx@AllSports.docx,"neymar’s transfer to paris saint-germain for an astronomical 220 million euros, floyd mayweather and connor mcgregor’s cross-border game made more than 600 million us dollars, and dota2 ti7 grabbed over 10 million us dollars for the champion.","neymar’s transfer to paris saint-­‐germain for an astronomical 220 million euros, floyd mayweather and connor mcgregor’s cross-­‐border game made more than 600 million us dollars, and dota2 ti7 grabbed over 10 million us dollars for the champion.",0.993664861
2281,Sport_and_Leisure.docx@AllSports.docx,"these include basic information about community and contextual user profiles, contents published by platform-generated content and user-generated content, live streaming, ip asset trading, prediction entertainment, gaming and the needs of third-party application.","these include basic information about community and contextual user profiles, contents published by platform-­‐generated content and user-­‐generated content, live streaming, ip asset trading, prediction entertainment, gaming and the needs of third party application.",0.991893768
2181,Sport_and_Leisure.docx@AllSports.docx,"the concrete manifestation is as follows:
the lack of a centralized platform for sports ip assets to display their information and the low level of transparency of information lead to the decrease of the value of many assets, which increases the cost and the threshold for investors and content providers (i.e.","the concrete manifestation is as follows:

the lack of a centralised platform for sports ip assets to display their information and the low level of transparency of information lead to the decrease of the value of many assets, which increases the cost and the threshold for investors and content providers (i.e.",0.990378141
2202,Sport_and_Leisure.docx@AllSports.docx,"with the development of time and the change of odds, bettors can choose to cash in advance, but the existing centralized mechanism can only rely on dealers limited repurchase.","with the development of time and the change of odds, bettors can choose to cash in advance, but the existing centralised mechanism can only rely on dealers’ limited repurchase.",0.989989102
2212,Sport_and_Leisure.docx@AllSports.docx,"however, there is a big difficulty in acquiring ips, which is a consequence of the opacity in ip asset transactions.","however, in reality there is a big difficulty in acquiring ips, which is a consequence of the opacity in ip asset transactions.",0.988277614
2143,Sport_and_Leisure.docx@AllSports.docx,"the foundation's aim is to create a decentralized, globalized sports blockchain platform which is deeply rooted in the sports industry ecosystem, enabling free-flow of sharing and transmission of values by all users and participants in the industry, and a variety of blockchain-based applications in the sports industry.","the foundation's aim is to create a decentralised, globalised sports blockchain platform which is deeply rooted in the sports industry ecosystem, enabling free-­‐flow of sharing and transmission of values by all users and participants in the industry, and a variety of blockchain-­‐based applications in the sports industry.",0.987158239
2166,Sport_and_Leisure.docx@AllSports.docx,"the global betting market total value and share are as follows:

pain point of market
sport and leisure industry market is very huge, online sports information & community is now the largest application scenarios for users while sports ip and betting are the best ways for realization and income in sports industry.","the global betting market total value and share are as follows:





pain point of market

sports industry market is very huge, online sports information & community is now the largest application scenarios for users while sports ip and betting are the best ways for realisation and income in sports industry.",0.986678958
2116,Sport_and_Leisure.docx@AllSports.docx,"all contributions will be applied towards the foundation's objects, including without limitation promoting the research, design and development of, and advocacy for a decentralized, globalized sport and leisure blockchain platform which is deeply rooted in the sports industry ecosystem, enabling freeflow of sharing and transmission of values by all users and participants in the industry and a variety of blockchain-based applications in the sports industry, and promoting the safe and harmonious development of the open source blockchain community ecosystem.","all contributions will be applied towards the foundation's objects, including without limitation promoting the research, design and development of, and advocacy for a decentralised, globalised sports blockchain platform which is deeply rooted in the sports industry ecosystem, enabling free-­‐flow of sharing and transmission of values by all users and participants in the industry and a variety of blockchain-­‐based applications in the sports industry, and promoting the safe and harmonious development of the open source blockchain community ecosystem.",0.986182809
2234,Sport_and_Leisure.docx@AllSports.docx,"it consists of an ip asset display platform, an ip asset distribution platform (primary market), ip asset transactions (secondary market), and an ip authorized transaction center.","it consists of an ip asset display platform, an ip asset distribution platform (primary market), ip asset transactions (secondary market), and an ip authorised transaction centre.",0.984649599
2288,Sport_and_Leisure.docx@AllSports.docx,"in the prediction entertainment platform, third-party entertainment service providers may grant access to their products and enrich the types of games to make the ecosystem more vibrant and full-filled.","in the prediction entertainment platform, third-­‐party entertainment service providers may grant access to their products and enrich the types of games to make the ecosystem more vibrant and ful-­‐filled.",0.984460831
2272,Sport_and_Leisure.docx@AllSports.docx,"no more traditional geographical restrictions: users can either play through any client ends on sport and leisure public prediction entertainment platform (collectively referred to as otc) anytime, anywhere, or play through the blockchain wallet using token to self-organize consumer-to-consumer's otc game.","no more traditional geographical restrictions: users can either play through any client ends on all sports public prediction entertainment platform (collectively referred to as otc) anytime, anywhere, or play through the blockchain wallet using token to self-­‐organise consumer-­‐to-­‐consumer's otc game.",0.983017802
2140,Sport_and_Leisure.docx@AllSports.docx,developers and ecosystem partners would be able to develop and access their own applications and resources in sport and leisure public blockchain and realize customer acquisition quickly through information and community open platforms.,"developers and ecosystem partners would be able to develop and access their own applications and resources in all sports public blockchain, and realise customer acquisition quickly through information and community open platforms.",0.982272089
2189,Sport_and_Leisure.docx@AllSports.docx,"moreover, the demand side of asset operations also need to spend a large amount of money to reach fans and consumers through numerous means after obtaining the authorization to use assets.","moreover, the demand side of asset operations also need to spend a large amount of money to reach fans and consumers through numerous means after obtaining the authorisation to use assets.",0.981305897
2209,Sport_and_Leisure.docx@AllSports.docx,"as games can issue in-game
currency freely, many games are inflating the in-game currency supply to deprive users of value, rather than creating value for users to get rewarded through quality and rich gameplays.","as games can issue in-­‐game currency freely, a large number of games are inflating the in-­‐game currency supply to deprive users of value, rather than creating value for users to get rewarded through quality and rich gameplays.",0.979539037
2185,Sport_and_Leisure.docx@AllSports.docx,"under the existing centralized system, the ip business value strongly depends on the pointto-point information transfer separated by the broker or the marketing team and the cp, and mastery of asymmetric information becomes a key factor in price negotiations.","under the existing centralised system, the ip business value strongly depends on the point-­‐to-­‐point information transfer separated by the broker or the marketing team and the cp, and mastery of asymmetric information becomes a key factor in price negotiations.",0.979413569
2192,Sport_and_Leisure.docx@AllSports.docx,"the operation and commercial realization of sports ip assets often have a large number of cross-border transactions, and the settlement is complicated.","the operation and commercial realisation of sports ip assets often have a large number of cross-­‐border transactions, and the settlement is complicated.",0.9791556
2246,Sport_and_Leisure.docx@AllSports.docx,cps who have gained ip authorization can purchase ip tokens through the secondary market and also be able to purchase the licenses.,cps who have gained ip authorisation can purchase ip tokens through the secondary market and also be able to purchase the licenses.,0.978771806
2130,Sport_and_Leisure.docx@AllSports.docx,"all statements contained in this whitepaper, statements made in press releases or in any place accessible by the public and oral statements that may be made by the foundation and/or the sport and leisure team may constitute forward-looking statements (including statements regarding intent, belief or current expectations with respect to market conditions, business strategy and plans, financial condition, specific provisions and risk management practices).","all statements contained in this whitepaper, statements made in press releases or in any place accessible by the public and oral statements that may be made by the foundation and/or the all sports team may constitute forward-­‐looking statements (including statements regarding intent, belief or current expectations with respect to market conditions, business strategy and plans, financial condition, specific provisions and risk management practices).",0.977812171
2122,Sport_and_Leisure.docx@AllSports.docx,"where this whitepaper includes information that has been obtained from third party sources, the foundation and/or the sport and leisure team have not independently verified the accuracy or completion of such information.","where this whitepaper includes information that has been obtained from third party sources, the foundation and/or the all sports team have not independently verified the accuracy or completion of such information.",0.976216972
2193,Sport_and_Leisure.docx@AllSports.docx,"betting
presently, there exists centralized betting service providers consisting of large-scale betting establishments that hold licenses in countries which are friendly to betting activities, and many underground betting companies.","betting

presently, there exists centralised betting service providers consisting of large-­‐scale betting establishments that hold licenses in countries which are friendly to betting activities, and many underground betting companies.",0.974335432
2163,Sport_and_Leisure.docx@AllSports.docx,"according to data from british betting companies, the global betting market is estimated to reach as high as 536 billion dollars in 2018.
with the addition of various underground betting markets, it is estimated that the market size has reached over one trillion dollars.","according to data from british betting companies, the global betting market is estimated to reach as high as 536 billion dollars in 2017.

with the addition of various underground betting markets, it is estimated that the market size has reached over one trillion dollars.",0.97305429
2180,Sport_and_Leisure.docx@AllSports.docx,"asset trading of sports ips
although the commercial value of sports ip assets has been recognized by the snl, there are still many problems in the overall development.","asset trading of sports ips

although the commercial value of sports ip assets has been recognised by the society, there are still many problems in the overall development.",0.970374823
2262,Sport_and_Leisure.docx@AllSports.docx,"in addition to building the underlying sdk based on the sport and leisure public blockchain, it also provides customized user-end application, including but not limited to pc end, h5 webpage, app (ios & android), mini programmed, etc.","in addition to building the underlying sdk based on the all sports public blockchain, it also provides customised user-­‐end application, including but not limited to pc end, h5 webpage, app(ios & android), miniprogramme,etc.",0.970323622
2251,Sport_and_Leisure.docx@AllSports.docx,"set the reserve price settled by ip tokens and the total amount of time; execute that to their authorized materials with a time share, so that cp can redeem them after purchase.","-­‐ set the reserve price settled by ip tokens and also the total amount of time; execute that to their authorised materials with a time share, so that cp can redeem them after purchase.",0.969324052
2265,Sport_and_Leisure.docx@AllSports.docx,"advantages of blockchain technology
open, transparent and without tampering: blockchain technology can guarantee prediction participants (wallet address), prediction rules, betting, results and other information will be set out in an open, transparent and tamper-proof manner.","advantages of blockchain technology

open, transparent and without tampering: blockchain technology can guarantee prediction participants (wallet address), prediction rules, betting, results and otherinformationwillbesetoutinanopen,transparentandtamper-­‐proof manner.",0.968913853
2266,Sport_and_Leisure.docx@AllSports.docx,"it is envisaged that sport and leisure public blockchain would completely erase obsolete bad habits such as cheating, fraud, etc., as well as allegations faced by innocent online prediction platforms and the dealers.","it is envisaged that all sports public blockchain would completely erase obsolete bad habits such as cheating, fraud, etc., as well as allegations faced by innocent online prediction platforms and the dealers.",0.967933893
2224,Sport_and_Leisure.docx@AllSports.docx,"tags will classify the behavior of users in an open and transparent manner, and users will obtain snl as incentives for positive behavior.","tags will classify the behavior of users in an open and transparent manner, and users will obtain soc as incentives for positive behaviour.",0.965512514
2283,Sport_and_Leisure.docx@AllSports.docx,"start-up members will work as a team to first develop applications such as information (contents) and community applications, ip asset trading, business applications such as prediction entertainment, live broadcast applications and wallet draft for open community review and subject to change.","start-­‐up members will work as a team to first develop applications such as information (contents) and community applications, ip asset trading, business applications such as prediction entertainment, live broadcast applications and wallet

applications, etc.",0.96477747
2154,Sport_and_Leisure.docx@AllSports.docx,"with the help of mobile internet's capability, snl communities and networks of sports users in the world are built to further expand influence and user stickiness of sports industry at the same time.","with the help of mobile internet's capability, social communities and networks of sports users in the world are built to further expand influence and user stickiness of sports industry at the same time.",0.964182675
2170,Sport_and_Leisure.docx@AllSports.docx,"the definition of value is based on output cost and profit return, which results in a ""factory-type"" centralized processing mode.","the definition of value is based on output cost and profit return, which results in a ""factory-­‐type"" centralised processing mode.",0.962878585
2247,Sport_and_Leisure.docx@AllSports.docx,"economic system
party with ip assets
enroll in an asset distribution platform and then issue ip tokens which are named after the respective ip, in exchange for snl from supporters and fans.","economic system

party with ip assets

-­‐ enroll in an asset distribution platform and then issue ip tokens which are named

after the respective ip, in exchange for soc from supporters and fans.",0.962666392
2256,Sport_and_Leisure.docx@AllSports.docx,"cps
buy ip tokens on the asset trading platform and then bid for the ip authorizations on ip authorized transaction center, in order to be entitled to use that ip in their own products and services in order to achieve commercial realization.","cps

-­‐ buy ip tokens on the asset trading platform and then bid for the ip authorisations on ip authorised transaction centre, in order to be entitled to use that ip in their own products and services in order to achieve commercial realisation.",0.961223066
2244,Sport_and_Leisure.docx@AllSports.docx,ip authorized transaction center: ip asset owners set the reserve price settled in ip tokens in minutes to derive the total amount of time.,ip authorised transaction centre: ip asset owners set the reserve price settled in ip tokens in minutes so as to derive the total amount of time.,0.960681558
2144,Sport_and_Leisure.docx@AllSports.docx,"the foundation devotes itself to the research, design and development of, and advocacy for a decentralized, globalized sports blockchain platform which is deeply rooted in the sports industry ecosystem, enabling free-flow of sharing and transmission of values by all users and participants in the industry and a variety of blockchain-based applications in the sports industry, and promoting the safe and harmonious development of the open source blockchain community ecosystem.","the foundation's aim is to create a decentralised, globalised sports blockchain platform which is deeply rooted in the sports industry ecosystem, enabling free-­‐flow of sharing and transmission of values by all users and participants in the industry, and a variety of blockchain-­‐based applications in the sports industry.",0.958603501
2263,Sport_and_Leisure.docx@AllSports.docx,"third-party vendor access: for sport and leisure prediction providers worldwide, game makers and other non-blockchain online prediction platforms around the world, sport and leisure public blockchain provides smart contract templates and frameworks, application components, customized apis and sdks to reduce the threshold of online prediction game development.","third-­‐party vendor access: for all sports prediction providers worldwide, game makers and other non-­‐blockchain online prediction platforms around the world, all sports public blockchain provides smart contract templates and frameworks, application components, customised apis and sdks to reduce the threshold of online prediction game development.",0.95809859
2298,Sport_and_Leisure.docx@AllSports.docx,"the sport and leisure team has done much work in terms of project design, resource organization, incubation of the pre-commercial environment and various other aspects, and continuously input manpower resources, intelligence and material inputs in shaping the ecosystem.","the all sports team has done much work in terms of project design, resource organisation, incubation of the pre-­‐commercial environment and various other aspects, and continuously input manpower resources, intelligence and material inputs in shaping the ecosystem.",0.955966592
2287,Sport_and_Leisure.docx@AllSports.docx,the world's top providers of sports prediction information and services will be able to gain access to sport and leisure prediction entertainment platform.,the world's top providers of sports prediction information and services will be able to gain access to all sports prediction entertainment platform.,0.955019116
2207,Sport_and_Leisure.docx@AllSports.docx,"in cps mode, the final effect of realization is mastered in the traffic or cp side with a risk of deduction, which makes it hard to promote the cooperation.","in cps mode, the final effect of realisation is mastered in the traffic or cp side with a risk of deduction, which makes it hard to promote the cooperation.",0.953547895
2126,Sport_and_Leisure.docx@AllSports.docx,"the foundation and the sport and leisure team do not and do not purport to make, and hereby disclaims, all representations, warranties or undertaking to any entity or person.","the foundation and the all sports team do not and do not purport to make, and hereby disclaims, all representations, warranties or undertaking to any entity or person.",0.945960641
2257,Sport_and_Leisure.docx@AllSports.docx,attract ip supporters and fans to their own products and services so that precise promotion and the empowerment of ip can be achieved.,-­‐ attract ip supporters and fans to their own products and services so that precise promotion and the empowerment of ip can be achieved.,0.944367468
2290,Sport_and_Leisure.docx@AllSports.docx,"the foundation devotes itself to the research, design and development of, and advocacy for a decentralized, globalized sports blockchain platform which is deeply rooted in the sports industry ecosystem, enabling free-flow of sharing and transmission of values by all users and participants in the industry and a variety of blockchain-based applications in the sports industry, and promoting the safe and harmonious development of the open source blockchain community ecosystem.","the foundation devotes itself to the research, design and development of, and advocacy for a decentralised, globalised sports blockchain platform which is deeply rooted in the sports industry ecosystem, enabling free-­‐flow of sharing and transmission of values by all users and participants in the industry and a variety of blockchain-­‐basedapplicationsinthesportsindustry,andpromotingthesafeand harmonious development of the open source blockchain community ecosystem

foundation structure

the foundation structure of all sports public blockchain foundation includes operational processes and protocols for everyday work and special situations.",0.94178915
2228,Sport_and_Leisure.docx@AllSports.docx,"higher quality content will be rewarded with extra snl, while poorer quality content will lead to a deduction of assurance payment.","higher quality content will be rewarded with extra soc, while poorer quality content will lead to a deduction of assurance payment.",0.94024533
2245,Sport_and_Leisure.docx@AllSports.docx,"what’s more, owners should execute that to their authorized materials with a time share, so that cp can redeem them after purchase.","what’s more, owners should execute that to their authorised materials with a time share, so that cp can redeem them after purchase .",0.939205825
2123,Sport_and_Leisure.docx@AllSports.docx,"this whitepaper does not constitute any offer by the foundation or the all sport and leisure team to sell any snl (as defined herein) nor shall it or any part of it nor the fact of its presentation form the basis of, or be relied upon in connection with, any contract or investment decision.","this whitepaper does not constitute any offer by the foundation or the all sports team to sell any soc (as defined herein) nor shall it or any part of it nor the fact of its presentation form the basis of, or be relied upon in connection with, any contract or investment decision.",0.938404262
2268,Sport_and_Leisure.docx@AllSports.docx,"smart contract delivery: through a customized smart contract to achieve a variety of gaming scenarios and different levels of complexity of the code delivery and the usage of the sport and leisure public blockchain, the all snl token platform can prevent the risk of default among participants, ensuring the interests of all parties can be deducted or delivered in a safe, timely and smooth platform.","smart contract delivery: through a customised smart contract to achieve a variety of gaming scenarios and different levels of complexity of the code delivery and the usage of the all sports public blockchain, the all sports platform can prevent the risk of default among participants, ensuring the interests of all parties can be deducted or delivered in a safe, timely and smooth platform.",0.934741974
2252,Sport_and_Leisure.docx@AllSports.docx,publish ip information on a regular basis according to the size of transactions of ip authorization to regularly release all rights of proceeding.,-­‐ publish ip information on a regular basis according to the size of transactions of ip authorisation so as to regularly release all rights of proceeding.,0.934597969
2303,Sport_and_Leisure.docx@AllSports.docx,"after consulting with a wide range of legal advisors and continuous analysis of the development and legal structure of virtual currencies, the foundation will apply a cautious approach towards the sale of snl.","after consulting with a wide range of legal advisors and continuous analysis of the development and legal structure of virtual currencies, the foundation will apply a cautious approach towards the sale of soc.",0.921763778
2261,Sport_and_Leisure.docx@AllSports.docx,"ecosystem composition
global prediction and entertainment providers can implement various online entertainment scenarios and applications through api (application programming interface) and sdk (software development kit) provided by the all snl token platform.","ecosystem composition


global prediction and entertainment providers can implement various online entertainment scenarios and applications through api (application programming interface) and sdk (software development kit) provided by the all sports platform.",0.921198547
2142,Sport_and_Leisure.docx@AllSports.docx,the role of sport and leisure public blockchain is to assist developers to finish application development and resources monetizing through the usage of snl with apis of key applications.,the role of all sports public blockchain is to assist developers to finish application development and resources monetising through the usage of soc with apis of key applications.,0.913980782
2125,Sport_and_Leisure.docx@AllSports.docx,"the agreement between the foundation (or its affiliate) and you, in relation to any sale and purchase of snl is to be governed by only the separate terms and conditions of such agreement.","the agreement between the foundation (or its affiliate) and you, in relation to any sale and purchase of soc is to be governed by only the separate terms and conditions of such agreement.",0.91307354
2300,Sport_and_Leisure.docx@AllSports.docx,"uncertain regulations and enforcement actions
the regulatory status of snl and distributed ledger technology is unclear or unsettled in many jurisdictions.","uncertain regulations and enforcement actions

the regulatory status of soc and distributed ledger technology is unclear or unsettled in many jurisdictions.",0.91266191
2117,Sport_and_Leisure.docx@AllSports.docx,"the foundation devotes itself to the research, design and development of, and advocacy for a decentralized, globalized sports blockchain platform which is deeply rooted in the sports industry ecosystem, enabling free-flow of sharing and transmission of values by all users and participants in the industry and a variety of blockchain-based applications in the sports industry, and promoting the safe and harmonious development of the open source blockchain community ecosystem.","all contributions will be applied towards the foundation's objects, including without limitation promoting the research, design and development of, and advocacy for a decentralised, globalised sports blockchain platform which is deeply rooted in the sports industry ecosystem, enabling free-­‐flow of sharing and transmission of values by all users and participants in the industry and a variety of blockchain-­‐based applications in the sports industry, and promoting the safe and harmonious development of the open source blockchain community ecosystem.",0.910277486
2291,Sport_and_Leisure.docx@AllSports.docx,"the foundation's aim is to create a decentralized, globalized sports blockchain platform which is deeply rooted in the sports industry ecosystem, enabling free-flow of sharing and transmission of values by all users and participants in the industry, and a variety of blockchain-based applications in the sports industry.","the foundation devotes itself to the research, design and development of, and advocacy for a decentralised, globalised sports blockchain platform which is deeply rooted in the sports industry ecosystem, enabling free-­‐flow of sharing and transmission of values by all users and participants in the industry and a variety of blockchain-­‐basedapplicationsinthesportsindustry,andpromotingthesafeand harmonious development of the open source blockchain community ecosystem

foundation structure

the foundation structure of all sports public blockchain foundation includes operational processes and protocols for everyday work and special situations.",0.904644728
2278,Sport_and_Leisure.docx@AllSports.docx,"technical realization
blockchain technology is used to record all trading information and user information on the open all snl token platform in a native decentralized ledger.","technical realisation

blockchain technology is used to record all trading information and user information on the open all sports platform in a native decentralised ledger.",0.895512223
2243,Sport_and_Leisure.docx@AllSports.docx,"supporters and fans can trade ip tokens on the trading platform with snl, to bring the price of ip assets in line with the market.","supporters and fans are able to trade ip tokens on the trading platform with soc, to bring the price of ip assets in line with the market.",0.894091964
2292,Sport_and_Leisure.docx@AllSports.docx,"all contributions will be applied towards the foundation's objects, including without limitation promoting the research, design and development of, and advocacy for a decentralized, globalized sport and leisure blockchain platform which is deeply rooted in the sports industry ecosystem, enabling freeflow of sharing and transmission of values by all users and participants in the industry and a variety of blockchain-based applications in the sports industry, and promoting the safe and harmonious development of the open source blockchain community ecosystem.","the foundation devotes itself to the research, design and development of, and advocacy for a decentralised, globalised sports blockchain platform which is deeply rooted in the sports industry ecosystem, enabling free-­‐flow of sharing and transmission of values by all users and participants in the industry and a variety of blockchain-­‐basedapplicationsinthesportsindustry,andpromotingthesafeand harmonious development of the open source blockchain community ecosystem

foundation structure

the foundation structure of all sports public blockchain foundation includes operational processes and protocols for everyday work and special situations.",0.89309299
2214,Sport_and_Leisure.docx@AllSports.docx,"the foundation's aim is to create a decentralized, globalized sports blockchain platform which is deeply rooted in the sports industry ecosystem, enabling free-flow of sharing and transmission of values by all users and participants in the industry, and a variety of blockchain-based applications in the sports industry.","the all sports platform aims to use blockchain technology to provide open platform services for decentralised sports ecosystem chain, giving all business participants transparent application development services and business realisations through operation of blockchain ecosystem chain and tokenisation of assets in order to achieve business goals.",0.89049387
2145,Sport_and_Leisure.docx@AllSports.docx,"all contributions will be applied towards the foundation's objects, including without limitation promoting the research, design and development of, and advocacy for a decentralized, globalized sport and leisure blockchain platform which is deeply rooted in the sports industry ecosystem, enabling freeflow of sharing and transmission of values by all users and participants in the industry and a variety of blockchain-based applications in the sports industry, and promoting the safe and harmonious development of the open source blockchain community ecosystem.","the foundation's aim is to create a decentralised, globalised sports blockchain platform which is deeply rooted in the sports industry ecosystem, enabling free-­‐flow of sharing and transmission of values by all users and participants in the industry, and a variety of blockchain-­‐based applications in the sports industry.",0.885206103
2118,Sport_and_Leisure.docx@AllSports.docx,"the foundation's aim is to create a decentralized, globalized sports blockchain platform which is deeply rooted in the sports industry ecosystem, enabling free-flow of sharing and transmission of values by all users and participants in the industry, and a variety of blockchain-based applications in the sports industry.","all contributions will be applied towards the foundation's objects, including without limitation promoting the research, design and development of, and advocacy for a decentralised, globalised sports blockchain platform which is deeply rooted in the sports industry ecosystem, enabling free-­‐flow of sharing and transmission of values by all users and participants in the industry and a variety of blockchain-­‐based applications in the sports industry, and promoting the safe and harmonious development of the open source blockchain community ecosystem.",0.882188022
2293,Sport_and_Leisure.docx@AllSports.docx,"foundation structure
the foundation structure of sport and leisure public blockchain foundation includes operational processes and protocols for everyday work and special situations.","the foundation devotes itself to the research, design and development of, and advocacy for a decentralised, globalised sports blockchain platform which is deeply rooted in the sports industry ecosystem, enabling free-­‐flow of sharing and transmission of values by all users and participants in the industry and a variety of blockchain-­‐basedapplicationsinthesportsindustry,andpromotingthesafeand harmonious development of the open source blockchain community ecosystem

foundation structure

the foundation structure of all sports public blockchain foundation includes operational processes and protocols for everyday work and special situations.",0.880803704
2213,Sport_and_Leisure.docx@AllSports.docx,"section 3: sport and leisure public blockchain and snl
abstract
sport and leisure public blockchain uses snl as the medium to combine sports industry and the application and business environment of sports ecosystem chain by blockchain technology.","section 3: all sports public blockchain and soc

abstract

all sports public blockchain uses soc as the medium to combine sports industry and the application and business environment of sports ecosystem chain by blockchain technology.",0.87448585
2305,Sport_and_Leisure.docx@AllSports.docx,"other risks
in addition to the risks, there are other risks (as more particularly set out in the token purchase agreement) with your purchase, holding and use of snl, including those that the foundation cannot anticipate.","other risks

in addition to the aforementioned risks, there are other risks (as more particularly set out in the token purchase agreement) associated with your purchase, holding and use of soc, including those that the foundation cannot anticipate.",0.872629881
2274,Sport_and_Leisure.docx@AllSports.docx,all games and apps provided by cps and the props and functions in these games use snl for open and transparent pricing.,"all games and apps provided by cps -­‐ and also the props and functions in these games
-­‐ use soc for open and transparent pricing.",0.868791938
2307,Sport_and_Leisure.docx@AllSports.docx,"you should conduct full due diligence on the foundation (and its affiliates), the sport and leisure team, understand the overall framework and vision for the all snl token platform prior to purchasing snl.","you should conduct full due diligence on the foundation (and its affiliates), the all sports team, understand the overall framework and vision for the all sports platform prior to purchasing soc.",0.868250251
2215,Sport_and_Leisure.docx@AllSports.docx,"the foundation devotes itself to the research, design and development of, and advocacy for a decentralized, globalized sports blockchain platform which is deeply rooted in the sports industry ecosystem, enabling free-flow of sharing and transmission of values by all users and participants in the industry and a variety of blockchain-based applications in the sports industry, and promoting the safe and harmonious development of the open source blockchain community ecosystem.","the all sports platform aims to use blockchain technology to provide open platform services for decentralised sports ecosystem chain, giving all business participants transparent application development services and business realisations through operation of blockchain ecosystem chain and tokenisation of assets in order to achieve business goals.",0.863575637
2258,Sport_and_Leisure.docx@AllSports.docx,"prediction and entertainment platform
sport and leisure prediction and entertainment platform is a set of ecosystem services built on the all snl token platform, public blockchain and snl.","prediction and entertainment platform

all sports prediction and entertainment platform is a set of ecosystem services built on the all sports platform, public blockchain and soc.",0.863518357
2289,Sport_and_Leisure.docx@AllSports.docx,"at the same time, third-party service providers can support snl through their sdks or apis on their own web-based platforms.","at the same time, third-­‐party service providers can support soc through their sdks or apis on their own web-­‐based platforms.",0.861585498
2132,Sport_and_Leisure.docx@AllSports.docx,these forward-looking statements are applicable only as of the date of this whitepaper and the foundation and the sport and leisure team expressly disclaims any responsibility (whether express or implied) to release any revisions to these forward-looking statements to reflect events after such date.,theseforward-­‐lookingstatementsareapplicableonlyasofthedateofthis whitepaper and the foundation and the all sports team expressly disclaims any responsibility (whether express or implied) to release any revisions to these forward-­‐ looking statements to reflect events after such date.,0.85180372
2267,Sport_and_Leisure.docx@AllSports.docx,"also, as it is based on a completely open and transparent environment that is supervised by the public, all snl token platform aims to rebuild the reputation of the sports prediction industry, enhancing participants' contractual spirit and maintaining a good platform order.","also, as it is based on a completely open and transparent environment that is supervised by the public, all sports platform aims to rebuild the reputation of the sports prediction industry, enhancing participants' contractual spirit and maintaining a good platform order.",0.850857794
2136,Sport_and_Leisure.docx@AllSports.docx,"the foundation's aim is to create a decentralized, globalized sports blockchain platform which is deeply rooted in the sports industry ecosystem, enabling free-flow of sharing and transmission of values by all users and participants in the industry, and a variety of blockchain-based applications in the sports industry.","all sports public blockchain makes use of blockchain technology, which combines application and business situations of sports industry and sports ecosystem chain, and will issue its native cryptographic token all sports coin (soc) for use on the all sports public blockchain.",0.85061121
2297,Sport_and_Leisure.docx@AllSports.docx,"section 8: token release plan
963,252,000 snl will be issued in total, and distributed as follows:
maximum of 25% of snl issued will be sold in the private sale, to a maximum of 149 purchasers.","update the plan and timetable in 2018/2/7



section 8: token release plan

1.5 billion soc will be issued in total, and distributed as follows:

40% of soc issued (600 million) will be sold in the private sale, to a maximum of 149 purchasers.",0.848923683
2218,Sport_and_Leisure.docx@AllSports.docx,"in particular, you understand and accept that snl:
is non-refundable cannot be exchanged for cash (or its equivalent value in any other virtual currency) or any payment obligation by the foundation or any affiliate;
does not represent or confer on the token holder any right of any form with respect to the foundation (or any of its affiliates) or its revenues or assets, including without limitation any right to receive future revenue, shares, ownership right or stake, share or security, any voting, distribution, redemption, liquidation, proprietary (including all forms of intellectual property), or other financial or legal rights or equivalent rights, or intellectual property rights or any other form of participation in or relating to the all snl token platform, the foundation and/or its service providers;
is not intended to be a representation of money (including electronic money), security, commodity, bond, debt instrument or any other kind of financial instrument or investment;
is not a loan to the foundation or any of its affiliates, is not intended to represent a debt owed by the foundation or any of its affiliates, and there is no expectation of profit; and
does not provide the token holder with any ownership or other interest in the foundation or any of its affiliates.","in particular, you understand and accept that soc:

is non-­‐refundable cannot be exchanged for cash (or its equivalent value in any other virtual currency) or any payment obligation by the foundation or any affiliate;
does not represent or confer on the token holder any right of any form with respect to the foundation (or any of its affiliates) or its revenues or assets, including without limitation any right to receive future revenue, shares, ownership right or stake, share or security, any voting, distribution, redemption, liquidation, proprietary (including all forms of intellectual property), or other financial or legal rights or equivalent rights, or intellectual property rights or any other form of participation in or relating to the all sports platform, the foundation and/or its service providers;
is not intended to be a representation of money (including electronic money), security, commodity, bond, debt instrument or any other kind of financial instrument or investment;
is not a loan to the foundation or any of its affiliates, is not intended to represent a debt owed by the foundation or any of its affiliates, and there is no expectation of profit; and
does not provide the token holder with any ownership or other interest in the foundation or any of its affiliates.",0.848175704
2236,Sport_and_Leisure.docx@AllSports.docx,"economic system
party with ip assets
enroll in an asset distribution platform and then issue ip tokens which are named after the respective ip, in exchange for snl from supporters and fans.",ip asset distribution platform (primary market): a platform to first release the ip assets and distribute them through the form of additional ip token.,0.841305494
2248,Sport_and_Leisure.docx@AllSports.docx,ip asset distribution platform (primary market): a platform to first release the ip assets and distribute them through the form of additional ip token.,"economic system

party with ip assets

-­‐ enroll in an asset distribution platform and then issue ip tokens which are named

after the respective ip, in exchange for soc from supporters and fans.",0.835922301
2155,Sport_and_Leisure.docx@AllSports.docx,"sports information & community
the spread of sports industry, the exertion of its influence, and the interaction between ips and fans have all transferred to mobile internet in large numbers.","with the help of mobile internet's capability, social communities and networks of sports users in the world are built to further expand influence and user stickiness of sports industry at the same time.",0.828055978
2124,Sport_and_Leisure.docx@AllSports.docx,"nothing contained in this whitepaper is or may be relied upon as a promise, representation or undertaking as to the future performance of the all snl token platform.","nothing contained in this whitepaper is or may be relied upon as a promise, representation or undertaking as to the future performance of the all sports platform.",0.825771093
2137,Sport_and_Leisure.docx@AllSports.docx,"the foundation devotes itself to the research, design and development of, and advocacy for a decentralized, globalized sports blockchain platform which is deeply rooted in the sports industry ecosystem, enabling free-flow of sharing and transmission of values by all users and participants in the industry and a variety of blockchain-based applications in the sports industry, and promoting the safe and harmonious development of the open source blockchain community ecosystem.","all sports public blockchain makes use of blockchain technology, which combines application and business situations of sports industry and sports ecosystem chain, and will issue its native cryptographic token all sports coin (soc) for use on the all sports public blockchain.",0.824858129
2129,Sport_and_Leisure.docx@AllSports.docx,"the agreement for sale and purchase of snl shall be governed by a separate set of terms and conditions or token purchase agreement (as the case may be) setting out the terms of such purchase (the token purchase agreement), which shall be separately provided to you or made available at in the event of any inconsistencies between the token purchase agreement and this whitepaper, the token purchase agreement shall prevail.","the agreement for sale and purchase of soc shall be governed by a separate set of terms and conditions or token purchase agreement (as the case may be) setting out the terms of such purchase (the token purchase agreement), which shall be separately provided to you or made available at in the event of any inconsistencies between the token purchase agreement and this whitepaper, the token purchase agreement shall prevail.",0.818794727
2148,Sport_and_Leisure.docx@AllSports.docx,"4 – copyright protected by snltoken.io development team – version 1.4


section 2: background introduction and market opportunity
background
in 2018 the annual output value of global sports industry is nearly 2 trillion u.s. dollars, including various categories such as competitive sports, recreational sports and emerging e-sports.","section 2: background introduction and market opportunity

background

in 2017 the annual output value of global sports industry is nearly 2 trillion u.s. dollars, including various categories such as competitive sports, recreational sports and emerging e-­‐sports.",0.818514109
2220,Sport_and_Leisure.docx@AllSports.docx,"to the extent a secondary market or exchange for trading snl does develop, it would be run and operated wholly independently of the foundation, the sale of snl and the all snl token platform.","to the extent a secondary market or exchange for trading soc does develop, it would be run and operated wholly independently of the foundation, the sale of soc and the all sports platform.",0.815482616
2304,Sport_and_Leisure.docx@AllSports.docx,"security weaknesses
hackers or other malicious groups or organizations may attempt to interfere with snl and/or the all snl token platform in a variety of ways, including, but not limited to, malware attacks, denial of service attacks, consensus-based attacks, sybil attacks, smurfing and spoofing.","security weaknesses

hackers or other malicious groups or organisations may attempt to interfere with soc and/or the all sports platform in a variety of ways, including, but not limited to, malwareattacks,denialofserviceattacks,consensus-­‐basedattacks,sybilattacks, smurfing and spoofing.",0.815439582
2301,Sport_and_Leisure.docx@AllSports.docx,"it is impossible to predict how, when or whether regulatory agencies may apply existing regulations or create new regulations with respect to such technology and its applications, including snl and/or the all snl token platform.","it is impossible to predict how, when or whether regulatory agencies may apply existing regulations or create new regulations with respect to such technology and its applications, including soc and/or the all sports platform.",0.811824977
2216,Sport_and_Leisure.docx@AllSports.docx,"the all snl token platform aims to use blockchain technology to provide open platform services for decentralized sports ecosystem chain, giving all business participants transparent application development services and business realizations through operation of blockchain ecosystem chain and tokenization of assets in order to achieve business goals.","the all sports platform aims to use blockchain technology to provide open platform services for decentralised sports ecosystem chain, giving all business participants transparent application development services and business realisations through operation of blockchain ecosystem chain and tokenisation of assets in order to achieve business goals.",0.811597049
2254,Sport_and_Leisure.docx@AllSports.docx,"supporters and fans can trade ip tokens on the trading platform with snl, to bring the price of ip assets in line with the market.","supporters and fans

-­‐ buy and sell ip tokens on asset trading platforms through soc held, and potentially share in the value of the underlying ip.",0.810594082
2127,Sport_and_Leisure.docx@AllSports.docx,"prospective purchasers of snl should carefully consider and evaluate all risks and uncertainties (including financial and legal risks and uncertainties) with the snl token sale, the foundation and the team.","prospective purchasers of soc should carefully consider and evaluate all risks and uncertainties (including financial and legal risks and uncertainties) associated with the soc token sale, the foundation and the all sports team.",0.806296229
2138,Sport_and_Leisure.docx@AllSports.docx,"snl public blockchain makes use of blockchain technology, which combines application and business situations of sports and leisure industry and sports ecosystem chain and will issue its native cryptographic token snl token (snl) for use on the sport and leisure public blockchain.","all sports public blockchain makes use of blockchain technology, which combines application and business situations of sports industry and sports ecosystem chain, and will issue its native cryptographic token all sports coin (soc) for use on the all sports public blockchain.",0.806040585
2152,Sport_and_Leisure.docx@AllSports.docx,"sports information & community
the spread of sports industry, the exertion of its influence, and the interaction between ips and fans have all transferred to mobile internet in large numbers.","with the development and growth of internet, especially of mobile internet, sports industry has been massively migrating from traditional channels to mobile internet and expanded continuously through the mobile internet.",0.804745197
2168,Sport_and_Leisure.docx@AllSports.docx,"with the help of mobile internet's capability, snl communities and networks of sports users in the world are built to further expand influence and user stickiness of sports industry at the same time.","sports information & community

the spread of sports industry, the exertion of its influence, and the interaction between ips and fans have all transferred to mobile internet in large numbers.",0.80420512
2131,Sport_and_Leisure.docx@AllSports.docx,"you are cautioned not to place undue reliance on these forward-looking statements given that these statements involve known and unknown risks, uncertainties and other factors that may cause the actual future results draft for open community review and subject to change.","you are cautioned not to place undue reliance on theseforward-­‐lookingstatementsgiventhatthesestatementsinvolveknownand unknown risks, uncertainties and other factors that may cause the actual future results

to be materially different from that described by such forward-­‐looking statements.",0.803995609
2156,Sport_and_Leisure.docx@AllSports.docx,"5 – copyright protected by snltoken.io development team – version 1.4

sponsored derivatives (based on ip licensing) as well as sports betting have become the two largest sources of commercial revenue for sports industry.",sponsored derivatives (based on ip licensing) as well as sports betting have become the two largest sources of commercial revenue for sports industry.,0.802344739
